{
  "family": "PEPS_grid",
  "params": {
    "r": 3,
    "chi": 4,
    "inst": 3
  },
  "regs_atoms": 23,
  "pad_pow": 2,
  "num_qudits": 23,
  "physical_atoms": 9,
  "ancilla_atoms": 14,
  "ancilla_qubits": 14,
  "gamma_log": 20.834956741242095,
  "beta_mean": 10.380819969271363,
  "beta_min": 6.854348976397401,
  "beta_H": null,
  "p_haar_mean": null,
  "site_count": 9,
  "max_unfold_dim": 32,
  "per_site": [
    {
      "m": 32,
      "n": 2,
      "beta": 9.836013232387101,
      "svals": [
        1.0,
        0.6940653911643868,
        1.0,
        1.0,
        1.0,
        1.0,
        1.0,
        1.0,
        1.0,
        1.0,
        1.0,
        1.0,
        1.0,
        1.0,
        1.0,
        1.0,
        1.0,
        1.0,
        1.0,
        1.0,
        1.0,
        1.0,
        1.0,
        1.0,
        1.0,
        1.0,
        1.0,
        1.0,
        1.0,
        1.0,
        1.0,
        1.0
      ]
    },
    {
      "m": 32,
      "n": 8,
      "beta": 10.910148004780265,
      "svals": [
        1.0,
        0.9017724889788334,
        0.7940776004401184,
        0.6722161062456437,
        0.6356261822225661,
        0.5304163569426169,
        0.45185681665960525,
        0.4126414170905225,
        1.0,
        1.0,
        1.0,
        1.0,
        1.0,
        1.0,
        1.0,
        1.0,
        1.0,
        1.0,
        1.0,
        1.0,
        1.0,
        1.0,
        1.0,
        1.0,
        1.0,
        1.0,
        1.0,
        1.0,
        1.0,
        1.0,
        1.0,
        1.0
      ]
    },
    {
      "m": 8,
      "n": 8,
      "beta": 6.854348976397401,
      "svals": [
        1.0,
        0.8646109510064841,
        0.6648986492643029,
        0.4830126562525049,
        0.325233965172382,
        0.29059874261118435,
        0.15539488975413754,
        0.1068174585007453
      ]
    },
    {
      "m": 32,
      "n": 8,
      "beta": 11.334952036814927,
      "svals": [
        1.0,
        0.8886151877315368,
        0.8379974192903751,
        0.7336510274151554,
        0.6532980484015215,
        0.5524791167365755,
        0.4953013994602641,
        0.44260163806437824,
        1.0,
        1.0,
        1.0,
        1.0,
        1.0,
        1.0,
        1.0,
        1.0,
        1.0,
        1.0,
        1.0,
        1.0,
        1.0,
        1.0,
        1.0,
        1.0,
        1.0,
        1.0,
        1.0,
        1.0,
        1.0,
        1.0,
        1.0,
        1.0
      ]
    },
    {
      "m": 32,
      "n": 32,
      "beta": 15.385302460423347,
      "svals": [
        1.0,
        0.9040429061297757,
        0.8706470778313768,
        0.8589965975944374,
        0.7961520668905951,
        0.7455840662997774,
        0.6992978034522724,
        0.6920984978391614,
        0.6593601088377257,
        0.62588069179558,
        0.58114059310325,
        0.5405746108135022,
        0.5119236001631937,
        0.47873250885729685,
        0.46765556732486585,
        0.4366153353217635,
        0.4052303950587781,
        0.3918741812085241,
        0.36437142891731567,
        0.33509220271326334,
        0.2883565982700327,
        0.2688309234112054,
        0.25583481047973244,
        0.2269368520554127,
        0.21359820821558761,
        0.1831247453451027,
        0.143095975515843,
        0.12725994853069786,
        0.09353856288220913,
        0.06854139143812486,
        0.04343002516918777,
        0.008735977436798078
      ]
    },
    {
      "m": 8,
      "n": 32,
      "beta": 11.165772219453098,
      "svals": [
        1.0,
        0.9085954496435236,
        0.8500337043161138,
        0.7340984881893178,
        0.6680490083145464,
        0.6095658883684145,
        0.531362013822032,
        0.4241144011508854,
        0.0,
        0.0,
        0.0,
        0.0,
        0.0,
        0.0,
        0.0,
        0.0,
        0.0,
        0.0,
        0.0,
        0.0,
        0.0,
        0.0,
        0.0,
        0.0,
        0.0,
        0.0,
        0.0,
        0.0,
        0.0,
        0.0,
        0.0,
        0.0
      ]
    },
    {
      "m": 8,
      "n": 8,
      "beta": 7.679102623801045,
      "svals": [
        1.0,
        0.7185946045825605,
        0.6457251139845511,
        0.5134879266674444,
        0.39637057333884396,
        0.26126855622485934,
        0.112566078008162,
        0.03419778372841647
      ]
    },
    {
      "m": 8,
      "n": 32,
      "beta": 11.116186861742904,
      "svals": [
        1.0,
        0.9308858111177974,
        0.8497474432235281,
        0.724558487081267,
        0.678954459614278,
        0.5859718848001801,
        0.46811326818139365,
        0.3829526784967336,
        0.0,
        0.0,
        0.0,
        0.0,
        0.0,
        0.0,
        0.0,
        0.0,
        0.0,
        0.0,
        0.0,
        0.0,
        0.0,
        0.0,
        0.0,
        0.0,
        0.0,
        0.0,
        0.0,
        0.0,
        0.0,
        0.0,
        0.0,
        0.0
      ]
    },
    {
      "m": 2,
      "n": 32,
      "beta": 9.145553307642171,
      "svals": [
        1.0,
        0.7377086713361131,
        0.0,
        0.0,
        0.0,
        0.0,
        0.0,
        0.0,
        0.0,
        0.0,
        0.0,
        0.0,
        0.0,
        0.0,
        0.0,
        0.0,
        0.0,
        0.0,
        0.0,
        0.0,
        0.0,
        0.0,
        0.0,
        0.0,
        0.0,
        0.0,
        0.0,
        0.0,
        0.0,
        0.0,
        0.0,
        0.0
      ]
    }
  ]
}