{
  "family": "PEPS_grid",
  "params": {
    "r": 4,
    "chi": 4,
    "inst": 1
  },
  "regs_atoms": 38,
  "pad_pow": 2,
  "num_qudits": 38,
  "physical_atoms": 16,
  "ancilla_atoms": 22,
  "ancilla_qubits": 22,
  "gamma_log": 37.84172109011431,
  "beta_mean": 10.990085391077109,
  "beta_min": 5.9269794753400005,
  "beta_H": null,
  "p_haar_mean": null,
  "site_count": 16,
  "max_unfold_dim": 32,
  "per_site": [
    {
      "m": 32,
      "n": 2,
      "beta": 8.18465124118925,
      "svals": [
        1.0,
        0.8953224401780403,
        1.0,
        1.0,
        1.0,
        1.0,
        1.0,
        1.0,
        1.0,
        1.0,
        1.0,
        1.0,
        1.0,
        1.0,
        1.0,
        1.0,
        1.0,
        1.0,
        1.0,
        1.0,
        1.0,
        1.0,
        1.0,
        1.0,
        1.0,
        1.0,
        1.0,
        1.0,
        1.0,
        1.0,
        1.0,
        1.0
      ]
    },
    {
      "m": 32,
      "n": 8,
      "beta": 10.302990437797606,
      "svals": [
        1.0,
        0.9473685830197164,
        0.8266389074499981,
        0.768049559264251,
        0.6892640560134267,
        0.6001921391547524,
        0.4947981202159852,
        0.40306831452047115,
        1.0,
        1.0,
        1.0,
        1.0,
        1.0,
        1.0,
        1.0,
        1.0,
        1.0,
        1.0,
        1.0,
        1.0,
        1.0,
        1.0,
        1.0,
        1.0,
        1.0,
        1.0,
        1.0,
        1.0,
        1.0,
        1.0,
        1.0,
        1.0
      ]
    },
    {
      "m": 32,
      "n": 8,
      "beta": 10.544965271668366,
      "svals": [
        1.0,
        0.9291924355240198,
        0.8433799729632321,
        0.7246118820938171,
        0.6444651003390574,
        0.6244001774406003,
        0.5718302072698834,
        0.4576226801452383,
        1.0,
        1.0,
        1.0,
        1.0,
        1.0,
        1.0,
        1.0,
        1.0,
        1.0,
        1.0,
        1.0,
        1.0,
        1.0,
        1.0,
        1.0,
        1.0,
        1.0,
        1.0,
        1.0,
        1.0,
        1.0,
        1.0,
        1.0,
        1.0
      ]
    },
    {
      "m": 8,
      "n": 8,
      "beta": 7.384401909050853,
      "svals": [
        1.0,
        0.8088375354253304,
        0.6835501781007074,
        0.4257172115064881,
        0.3547381726270278,
        0.308153511336616,
        0.09456500633224203,
        0.03522894320964956
      ]
    },
    {
      "m": 32,
      "n": 8,
      "beta": 10.483216087274654,
      "svals": [
        1.0,
        0.9144482630785741,
        0.8491614665193672,
        0.7448919656132457,
        0.6429991227586542,
        0.6225238909131549,
        0.49875612591553564,
        0.4117072679128695,
        1.0,
        1.0,
        1.0,
        1.0,
        1.0,
        1.0,
        1.0,
        1.0,
        1.0,
        1.0,
        1.0,
        1.0,
        1.0,
        1.0,
        1.0,
        1.0,
        1.0,
        1.0,
        1.0,
        1.0,
        1.0,
        1.0,
        1.0,
        1.0
      ]
    },
    {
      "m": 32,
      "n": 32,
      "beta": 14.87823304649405,
      "svals": [
        1.0,
        0.9556432636127534,
        0.8807411025950254,
        0.8359245479011022,
        0.8091991155076285,
        0.7843362818216756,
        0.7504882768477854,
        0.7171265418304404,
        0.6646225275792573,
        0.6515546816813632,
        0.6176069556496602,
        0.5860793071774283,
        0.5617377922961649,
        0.524128075050259,
        0.4902726823564766,
        0.4489520251539214,
        0.4096942143362784,
        0.3821585192843041,
        0.3569015120572479,
        0.337868470207344,
        0.30186391627393966,
        0.29042406833915446,
        0.2627393331129981,
        0.2299454687299153,
        0.19882775893604956,
        0.18368603904098493,
        0.15129919599378902,
        0.1268241042922637,
        0.08328303032505206,
        0.07191027075750765,
        0.056735305344235036,
        0.01599365620940489
      ]
    },
    {
      "m": 32,
      "n": 32,
      "beta": 15.21626045019165,
      "svals": [
        1.0,
        0.9074386885856048,
        0.8984691515072329,
        0.8226673590816451,
        0.8073944158001962,
        0.7518633491604423,
        0.7214411580506791,
        0.684338747823733,
        0.6634600551719266,
        0.6279706964375438,
        0.6019716237708606,
        0.5735188231379942,
        0.48709702856610976,
        0.4763473439118789,
        0.44696480140056916,
        0.41850155349732493,
        0.4050434983823327,
        0.38536946085931123,
        0.3684193473364287,
        0.3416635067849397,
        0.3203231594460793,
        0.29446559096842917,
        0.2578785953160194,
        0.19173447176236263,
        0.17660250017177662,
        0.141517216134088,
        0.12140068593637639,
        0.10233441275541043,
        0.08075309414826762,
        0.0582689810755667,
        0.03178041040854461,
        0.0051139085053144625
      ]
    },
    {
      "m": 8,
      "n": 32,
      "beta": 11.685999082045665,
      "svals": [
        1.0,
        0.8665984099534646,
        0.8218575124372683,
        0.7428497487393485,
        0.6750982268487483,
        0.6034178728898724,
        0.5121249141558455,
        0.44956342962365003,
        0.0,
        0.0,
        0.0,
        0.0,
        0.0,
        0.0,
        0.0,
        0.0,
        0.0,
        0.0,
        0.0,
        0.0,
        0.0,
        0.0,
        0.0,
        0.0,
        0.0,
        0.0,
        0.0,
        0.0,
        0.0,
        0.0,
        0.0,
        0.0
      ]
    },
    {
      "m": 32,
      "n": 8,
      "beta": 10.23101904117942,
      "svals": [
        1.0,
        0.9541575180002698,
        0.8348346196768497,
        0.7576395392169281,
        0.6944861360606288,
        0.5960083374431521,
        0.5211358164093236,
        0.5011115556282733,
        1.0,
        1.0,
        1.0,
        1.0,
        1.0,
        1.0,
        1.0,
        1.0,
        1.0,
        1.0,
        1.0,
        1.0,
        1.0,
        1.0,
        1.0,
        1.0,
        1.0,
        1.0,
        1.0,
        1.0,
        1.0,
        1.0,
        1.0,
        1.0
      ]
    },
    {
      "m": 32,
      "n": 32,
      "beta": 15.087491292990038,
      "svals": [
        1.0,
        0.9616092653652321,
        0.8736482513311637,
        0.8413095811519793,
        0.8125667996470372,
        0.7948066950553042,
        0.7653632569103386,
        0.696472835743744,
        0.663054979505748,
        0.6484649112083012,
        0.60839469535219,
        0.5895632670013279,
        0.5420714213453832,
        0.5111833616256471,
        0.4854245528825387,
        0.4559495236740952,
        0.4409130322834537,
        0.3793728431298025,
        0.3472387169743892,
        0.33400167339610687,
        0.32335170216435755,
        0.28623604324053986,
        0.27179735958460927,
        0.2338499528534623,
        0.20697155968339961,
        0.1692634631044142,
        0.1490981395389406,
        0.11544486977023614,
        0.10977878843820907,
        0.060881503226619726,
        0.025050427736950553,
        0.016900327260713187
      ]
    },
    {
      "m": 32,
      "n": 32,
      "beta": 15.148753179795962,