{
  "family": "PEPS_grid",
  "params": {
    "r": 4,
    "chi": 4,
    "inst": 3
  },
  "regs_atoms": 38,
  "pad_pow": 2,
  "num_qudits": 38,
  "physical_atoms": 16,
  "ancilla_atoms": 22,
  "ancilla_qubits": 22,
  "gamma_log": 38.505775214612235,
  "beta_mean": 11.39896581845241,
  "beta_min": 7.157290403443496,
  "beta_H": null,
  "p_haar_mean": null,
  "site_count": 16,
  "max_unfold_dim": 32,
  "per_site": [
    {
      "m": 32,
      "n": 2,
      "beta": 9.836013232387101,
      "svals": [
        1.0,
        0.6940653911643868,
        1.0,
        1.0,
        1.0,
        1.0,
        1.0,
        1.0,
        1.0,
        1.0,
        1.0,
        1.0,
        1.0,
        1.0,
        1.0,
        1.0,
        1.0,
        1.0,
        1.0,
        1.0,
        1.0,
        1.0,
        1.0,
        1.0,
        1.0,
        1.0,
        1.0,
        1.0,
        1.0,
        1.0,
        1.0,
        1.0
      ]
    },
    {
      "m": 32,
      "n": 8,
      "beta": 10.910148004780265,
      "svals": [
        1.0,
        0.9017724889788334,
        0.7940776004401184,
        0.6722161062456437,
        0.6356261822225661,
        0.5304163569426169,
        0.45185681665960525,
        0.4126414170905225,
        1.0,
        1.0,
        1.0,
        1.0,
        1.0,
        1.0,
        1.0,
        1.0,
        1.0,
        1.0,
        1.0,
        1.0,
        1.0,
        1.0,
        1.0,
        1.0,
        1.0,
        1.0,
        1.0,
        1.0,
        1.0,
        1.0,
        1.0,
        1.0
      ]
    },
    {
      "m": 32,
      "n": 8,
      "beta": 10.624961871530061,
      "svals": [
        1.0,
        0.9337665504674177,
        0.8505760610419084,
        0.8011751155536951,
        0.7189254547178722,
        0.6215139313789901,
        0.564705592230912,
        0.4817990582675092,
        1.0,
        1.0,
        1.0,
        1.0,
        1.0,
        1.0,
        1.0,
        1.0,
        1.0,
        1.0,
        1.0,
        1.0,
        1.0,
        1.0,
        1.0,
        1.0,
        1.0,
        1.0,
        1.0,
        1.0,
        1.0,
        1.0,
        1.0,
        1.0
      ]
    },
    {
      "m": 8,
      "n": 8,
      "beta": 7.157290403443496,
      "svals": [
        1.0,
        0.8658896046836487,
        0.6455401676499943,
        0.505292790008087,
        0.35678528110390717,
        0.23102134860696136,
        0.17320332592723384,
        0.023366012393578113
      ]
    },
    {
      "m": 32,
      "n": 8,
      "beta": 11.007574073772181,
      "svals": [
        1.0,
        0.9286394495872775,
        0.8286435922319787,
        0.7598371233462511,
        0.6975854434375998,
        0.6265310772368591,
        0.6153122145310428,
        0.4952273158912355,
        1.0,
        1.0,
        1.0,
        1.0,
        1.0,
        1.0,
        1.0,
        1.0,
        1.0,
        1.0,
        1.0,
        1.0,
        1.0,
        1.0,
        1.0,
        1.0,
        1.0,
        1.0,
        1.0,
        1.0,
        1.0,
        1.0,
        1.0,
        1.0
      ]
    },
    {
      "m": 32,
      "n": 32,
      "beta": 14.746290081545784,
      "svals": [
        1.0,
        0.954391274588696,
        0.9315411666544964,
        0.8486362006875423,
        0.8283103289630999,
        0.7745003483324606,
        0.7217837651393778,
        0.7073106115855375,
        0.6730016317178285,
        0.641934772321943,
        0.6157268116197209,
        0.5773535850368684,
        0.5561591758132605,
        0.5222436296248218,
        0.4974415115092658,
        0.49199209777876246,
        0.4329563419334477,
        0.40174591578052343,
        0.38848743311924216,
        0.3406403535864112,
        0.3091528515242457,
        0.30023753767694444,
        0.2614231079371729,
        0.24047524269285084,
        0.22488918490978357,
        0.17069921812880146,
        0.11747912279046012,
        0.09965627506961582,
        0.08579419788453956,
        0.04957040637055346,
        0.03605644707496963,
        0.009899732777367923
      ]
    },
    {
      "m": 32,
      "n": 32,
      "beta": 15.569263458907756,
      "svals": [
        1.0,
        0.8959058006145302,
        0.8679264105125775,
        0.8129260958459483,
        0.771239061824056,
        0.7412614186252129,
        0.7103805907504789,
        0.6785905117831191,
        0.6363211026374547,
        0.6152992439793239,
        0.6005407569041787,
        0.5828561718002002,
        0.5404714236235457,
        0.5144109571192184,
        0.48078919928514774,
        0.4565349517393462,
        0.4189733946001854,
        0.39647831429314984,
        0.37575761067879804,
        0.3534567065975648,
        0.30762320239542307,
        0.27965111436596857,
        0.24730719113154487,
        0.23289540607814524,
        0.1898237791029692,
        0.15472182111019314,
        0.1312109761023319,
        0.1121296109126702,
        0.08659017886854152,
        0.07092850539334637,
        0.038027219697775214,
        0.022564961765537805
      ]
    },
    {
      "m": 8,
      "n": 32,
      "beta": 11.767039060617712,
      "svals": [
        1.0,
        0.7955468107163896,
        0.748742179730059,
        0.6928092217771094,
        0.6205327152553249,
        0.5491051139095333,
        0.48273410100152153,
        0.4393166448143175,
        0.0,
        0.0,
        0.0,
        0.0,
        0.0,
        0.0,
        0.0,
        0.0,
        0.0,
        0.0,
        0.0,
        0.0,
        0.0,
        0.0,
        0.0,
        0.0,
        0.0,
        0.0,
        0.0,
        0.0,
        0.0,
        0.0,
        0.0,
        0.0
      ]
    },
    {
      "m": 32,
      "n": 8,
      "beta": 11.630720740420113,
      "svals": [
        1.0,
        0.9196534267472117,
        0.7868223481115192,
        0.7021459806113982,
        0.6041684189224151,
        0.5151619690813626,
        0.4702831042352621,
        0.3857013551332326,
        1.0,
        1.0,
        1.0,
        1.0,
        1.0,
        1.0,
        1.0,
        1.0,
        1.0,
        1.0,
        1.0,
        1.0,
        1.0,
        1.0,
        1.0,
        1.0,
        1.0,
        1.0,
        1.0,
        1.0,
        1.0,
        1.0,
        1.0,
        1.0
      ]
    },
    {
      "m": 32,
      "n": 32,
      "beta": 14.86013084943973,
      "svals": [
        1.0,
        0.984964344968822,
        0.9371555863282666,
        0.8162523142048159,
        0.7777482963714671,
        0.7599488537564086,
        0.7450705146233665,
        0.6955854760086592,
        0.6494012704621104,
        0.638047238651588,
        0.5978089020094752,
        0.5715308964687997,
        0.5363387101936726,
        0.5133418072278172,
        0.47665845185446254,
        0.4588637349121931,
        0.44409766727681543,
        0.40158318803738385,
        0.37462239264303165,
        0.32914663787266796,
        0.3148047895875681,
        0.2814214222992013,
        0.23859957627480705,
        0.2147998498744354,
        0.2042203414725552,
        0.16973101315857458,
        0.158231191319564,
        0.13108286364871127,
        0.10725488553522523,
        0.08673842194326872,
        0.026588351723200787,
        0.006959592866818375
      ]
    },
    {
      "m": 32,
      "n": 32,
      "beta": 15.6157355693689,