{
  "family": "QUBO_sweep",
  "params": {
    "n": 12,
    "inst": 3
  },
  "regs_atoms": 28,
  "pad_pow": 2,
  "num_qudits": 28,
  "physical_atoms": 12,
  "ancilla_atoms": 16,
  "ancilla_qubits": 16,
  "gamma_log": 7.002603429559128,
  "beta_mean": 1.8111110238647399,
  "beta_min": 1.5328581732685154,
  "beta_H": null,
  "p_haar_mean": null,
  "site_count": 12,
  "max_unfold_dim": 32,
  "per_site": [
    {
      "m": 32,
      "n": 2,
      "beta": 2.6660138056886544,
      "svals": [
        1.0,
        0.8590272088065461,
        1.0,
        1.0,
        1.0,
        1.0,
        1.0,
        1.0,
        1.0,
        1.0,
        1.0,
        1.0,
        1.0,
        1.0,
        1.0,
        1.0,
        1.0,
        1.0,
        1.0,
        1.0,
        1.0,
        1.0,
        1.0,
        1.0,
        1.0,
        1.0,
        1.0,
        1.0,
        1.0,
        1.0,
        1.0,
        1.0
      ]
    },
    {
      "m": 32,
      "n": 32,
      "beta": 1.6941633600501236,
      "svals": [
        1.0,
        1.0,
        1.0,
        1.0,
        1.0,
        1.0,
        0.9999999999999999,
        0.9999999999999999,
        0.7145897960431238,
        0.7145897960431231,
        0.5902618505280474,
        0.5902618505280471,
        0.5902618505280471,
        0.5902618505280471,
        0.590261850528047,
        0.590261850528047,
        0.590261850528047,
        0.590261850528047,
        0.590261850528047,
        0.590261850528047,
        0.590261850528047,
        0.590261850528047,
        0.5902618505280469,
        0.5902618505280469,
        0.5902618505280469,
        0.5902618505280469,
        0.5902618505280469,
        0.5902618505280469,
        0.48756510954680515,
        0.48756510954680515,
        0.34840905218879464,
        0.3484090521887946
      ]
    },
    {
      "m": 32,
      "n": 32,
      "beta": 1.6799561046937739,
      "svals": [
        1.0,
        1.0,
        1.0,
        1.0,
        1.0,
        1.0,
        0.9999999999999998,
        0.9999999999999996,
        0.6426878404571588,
        0.6426878404571588,
        0.595253648119742,
        0.595253648119742,
        0.595253648119742,
        0.595253648119742,
        0.595253648119742,
        0.595253648119742,
        0.595253648119742,
        0.595253648119742,
        0.595253648119742,
        0.5952536481197419,
        0.5952536481197419,
        0.5952536481197419,
        0.5952536481197418,
        0.5952536481197418,
        0.5952536481197418,
        0.5952536481197417,
        0.5952536481197417,
        0.5952536481197417,
        0.5513203818323694,
        0.551320381832369,
        0.35432690559986185,
        0.35432690559986174
      ]
    },
    {
      "m": 32,
      "n": 32,
      "beta": 1.6261433462783392,
      "svals": [
        1.0,
        0.9999999999999996,
        0.9999999999999996,
        0.9999999999999996,
        0.9999999999999996,
        0.9999999999999996,
        0.9999999999999996,
        0.9999999999999992,
        0.78855206703563,
        0.78855206703563,
        0.6149519366104119,
        0.6149519366104118,
        0.6149519366104118,
        0.6149519366104118,
        0.6149519366104118,
        0.6149519366104118,
        0.6149519366104118,
        0.6149519366104117,
        0.6149519366104117,
        0.6149519366104117,
        0.6149519366104117,
        0.6149519366104116,
        0.6149519366104116,
        0.6149519366104116,
        0.6149519366104116,
        0.6149519366104115,
        0.6149519366104115,
        0.6149519366104115,
        0.4795699613882423,
        0.4795699613882422,
        0.37816588434089593,
        0.3781658843408959
      ]
    },
    {
      "m": 32,
      "n": 32,
      "beta": 1.8448881838124713,
      "svals": [
        1.0,
        1.0,
        1.0,
        1.0,
        1.0,
        1.0,
        0.9999999999999999,
        0.9999999999999999,
        0.7053083018925083,
        0.705308301892508,
        0.5420382702725619,
        0.5420382702725619,
        0.5420382702725619,
        0.5420382702725619,
        0.5420382702725619,
        0.5420382702725619,
        0.5420382702725619,
        0.5420382702725618,
        0.5420382702725618,
        0.5420382702725618,
        0.5420382702725618,
        0.5420382702725618,
        0.5420382702725618,
        0.5420382702725617,
        0.5420382702725617,
        0.5420382702725616,
        0.5420382702725615,
        0.5420382702725615,
        0.4165632045613551,
        0.41656320456135476,
        0.29380548644007093,
        0.2938054864400707
      ]
    },
    {
      "m": 32,
      "n": 32,
      "beta": 1.6632372363193595,
      "svals": [
        1.0,
        1.0,
        1.0,
        1.0,
        1.0,
        1.0,
        0.9999999999999999,
        0.9999999999999998,
        0.8562619065161001,
        0.8562619065160998,
        0.6012371405374124,
        0.6012371405374124,
        0.6012371405374123,
        0.6012371405374123,
        0.6012371405374123,
        0.6012371405374123,
        0.6012371405374123,
        0.6012371405374123,
        0.6012371405374123,
        0.6012371405374123,
        0.6012371405374122,
        0.6012371405374122,
        0.6012371405374122,
        0.6012371405374122,
        0.6012371405374122,
        0.6012371405374122,
        0.6012371405374121,
        0.6012371405374118,
        0.4221676760471503,
        0.4221676760471501,
        0.361486099161604,
        0.36148609916160385
      ]
    },
    {
      "m": 32,
      "n": 32,
      "beta": 1.9310279067584046,
      "svals": [
        1.0,
        1.0,
        1.0,
        1.0,
        1.0,
        1.0,
        0.9999999999999999,
        0.9999999999999998,
        0.6078540049696928,
        0.6078540049696923,
        0.5178589063887168,
        0.5178589063887167,
        0.5178589063887167,
        0.5178589063887167,
        0.5178589063887167,
        0.5178589063887167,
        0.5178589063887167,
        0.5178589063887166,
        0.5178589063887166,
        0.5178589063887166,
        0.5178589063887166,
        0.5178589063887166,
        0.5178589063887165,
        0.5178589063887165,
        0.5178589063887165,
        0.5178589063887165,
        0.5178589063887163,
        0.5178589063887163,
        0.4411879246226057,
        0.44118792462260553,
        0.26817784692611746,
        0.2681778469261174
      ]
    },
    {
      "m": 32,
      "n": 32,
      "beta": 1.618925053853806,
      "svals": [
        1.0,
        1.0,
        1.0,
        1.0,
        1.0,
        1.0,
        1.0,
        0.9999999999999998,
        0.8234723452842073,
        0.8234723452842071,
        0.617693819500494,
        0.617693819500494,
        0.617693819500494,
        0.6176938195004938,
        0.6176938195004938,
        0.6176938195004938,
        0.6176938195004937,
        0.6176938195004937,
        0.6176938195004937,
        0.6176938195004937,
        0.6176938195004937,
        0.6176938195004936,
        0.6176938195004936,
        0.6176938195004936,
        0.6176938195004935,
        0.6176938195004935,
        0.6176938195004935,
        0.6176938195004933,
        0.4633375447689439,
        0.4633375447689439,
        0.3815456546491085,
        0.38154565464910845
      ]
    },
    {
      "m": 32,
      "n": 32,
      "beta": 1.755989309440474,