{
  "family": "QUBO_sweep",
  "params": {
    "n": 8,
    "inst": 1,
    "encoder": "sweep"
  },
  "regs_atoms": 20,
  "pad_pow": 2,
  "num_qudits": 20,
  "physical_atoms": 8,
  "ancilla_atoms": 12,
  "ancilla_qubits": 12,
  "gamma_log": 4.253591950695482,
  "beta_mean": 1.7099293985235167,
  "beta_min": 1.4547607242116325,
  "beta_H": null,
  "p_haar_mean": null,
  "site_count": 8,
  "max_unfold_dim": 32,
  "per_site": [
    {
      "m": 32,
      "n": 2,
      "beta": 1.7255394994613498,
      "svals": [
        1.0,
        0.8207802979235803,
        1.0,
        1.0,
        1.0,
        1.0,
        1.0,
        1.0,
        1.0,
        1.0,
        1.0,
        1.0,
        1.0,
        1.0,
        1.0,
        1.0,
        1.0,
        1.0,
        1.0,
        1.0,
        1.0,
        1.0,
        1.0,
        1.0,
        1.0,
        1.0,
        1.0,
        1.0,
        1.0,
        1.0,
        1.0,
        1.0
      ]
    },
    {
      "m": 32,
      "n": 32,
      "beta": 1.6185553113672992,
      "svals": [
        1.0,
        1.0,
        1.0,
        1.0,
        1.0,
        1.0,
        1.0,
        1.0,
        1.0,
        1.0,
        1.0,
        1.0,
        1.0,
        1.0,
        0.9999999999999999,
        0.9999999999999998,
        0.7190651916253874,
        0.7190651916253873,
        0.6178349253663966,
        0.6178349253663965,
        0.6178349253663965,
        0.6178349253663965,
        0.6178349253663965,
        0.6178349253663965,
        0.6178349253663965,
        0.6178349253663965,
        0.6178349253663964,
        0.6178349253663963,
        0.530855893802416,
        0.5308558938024157,
        0.3817199950025009,
        0.38171999500250087
      ]
    },
    {
      "m": 32,
      "n": 32,
      "beta": 1.9781266355715459,
      "svals": [
        1.0,
        0.9999999999999998,
        0.9999999999999998,
        0.9999999999999998,
        0.9999999999999998,
        0.9999999999999998,
        0.9999999999999998,
        0.9999999999999998,
        0.9999999999999998,
        0.9999999999999998,
        0.9999999999999998,
        0.9999999999999998,
        0.9999999999999998,
        0.9999999999999998,
        0.9999999999999998,
        0.9999999999999996,
        0.6072593676265542,
        0.607259367626554,
        0.5055288079223843,
        0.5055288079223843,
        0.5055288079223843,
        0.5055288079223842,
        0.5055288079223842,
        0.5055288079223842,
        0.5055288079223842,
        0.5055288079223842,
        0.505528807922384,
        0.505528807922384,
        0.4208405654379102,
        0.42084056543791004,
        0.2555593756394267,
        0.25555937563942654
      ]
    },
    {
      "m": 32,
      "n": 32,
      "beta": 1.9654957749734274,
      "svals": [
        1.0,
        1.0,
        1.0,
        1.0,
        1.0,
        1.0,
        1.0,
        1.0,
        1.0,
        1.0,
        1.0,
        1.0,
        1.0,
        1.0,
        1.0,
        0.9999999999999999,
        0.6107559483894105,
        0.6107559483894105,
        0.5087774864402951,
        0.5087774864402951,
        0.5087774864402951,
        0.5087774864402951,
        0.5087774864402951,
        0.508777486440295,
        0.508777486440295,
        0.508777486440295,
        0.5087774864402949,
        0.5087774864402944,
        0.4238264586552372,
        0.42382645865523716,
        0.2588545307085046,
        0.2588545307085045
      ]
    },
    {
      "m": 32,
      "n": 32,
      "beta": 1.6256046123207322,
      "svals": [
        1.0,
        1.0,
        1.0,
        1.0,
        1.0,
        1.0,
        1.0,
        1.0,
        1.0,
        1.0,
        1.0,
        1.0,
        1.0,
        1.0,
        1.0,
        1.0,
        0.7352943368071894,
        0.7352943368071893,
        0.6151557349313793,
        0.6151557349313793,
        0.6151557349313793,
        0.6151557349313793,
        0.6151557349313793,
        0.6151557349313793,
        0.6151557349313793,
        0.6151557349313792,
        0.6151557349313792,
        0.6151557349313792,
        0.5146463929834331,
        0.5146463929834326,
        0.3784165782189654,
        0.37841657821896524
      ]
    },
    {
      "m": 32,
      "n": 32,
      "beta": 1.693315573421017,
      "svals": [
        1.0,
        1.0,
        1.0,
        1.0,
        1.0,
        1.0,
        1.0,
        1.0,
        1.0,
        1.0,
        1.0,
        1.0,
        1.0,
        1.0,
        1.0,
        0.9999999999999998,
        0.7052451713503952,
        0.705245171350395,
        0.5905573749491322,
        0.5905573749491322,
        0.5905573749491321,
        0.5905573749491321,
        0.5905573749491321,
        0.5905573749491321,
        0.5905573749491321,
        0.590557374949132,
        0.5905573749491319,
        0.5905573749491317,
        0.49452024242720083,
        0.49452024242720044,
        0.34875801310680987,
        0.3487580131068097
      ]
    },
    {
      "m": 32,
      "n": 32,
      "beta": 1.6180370568611284,
      "svals": [
        1.0,
        0.9999999999999996,
        0.9999999999999993,
        0.9999999999999993,
        0.9999999999999993,
        0.9999999999999993,
        0.9999999999999993,
        0.9999999999999993,
        0.9999999999999993,
        0.9999999999999993,
        0.9999999999999993,
        0.9999999999999993,
        0.9999999999999993,
        0.9999999999999993,
        0.9999999999999993,
        0.9999999999999993,
        0.7476289967298472,
        0.7476289967298472,
        0.6180328168379071,
        0.6180328168379071,
        0.618032816837907,
        0.618032816837907,
        0.618032816837907,
        0.618032816837907,
        0.618032816837907,
        0.6180328168379069,
        0.6180328168379069,
        0.6180328168379067,
        0.5109012148529861,
        0.5109012148529859,
        0.38196456268859835,
        0.3819645626885982
      ]
    },
    {
      "m": 2,
      "n": 32,
      "beta": 1.4547607242116325,
      "svals": [
        1.0,
        1.0,
        0.0,
        0.0,
        0.0,
        0.0,
        0.0,
        0.0,
        0.0,
        0.0,
        0.0,
        0.0,
        0.0,
        0.0,
        0.0,
        0.0,
        0.0,
        0.0,
        0.0,
        0.0,
        0.0,
        0.0,
        0.0,
        0.0,
        0.0,
        0.0,
        0.0,
        0.0,
        0.0,
        0.0,
        0.0,
        0.0
      ]
    }
  ]
}