{
  "family": "QUBO_sweep",
  "params": {
    "n": 12,
    "inst": 4
  },
  "regs_atoms": 28,
  "pad_pow": 2,
  "num_qudits": 28,
  "physical_atoms": 12,
  "ancilla_atoms": 16,
  "ancilla_qubits": 16,
  "gamma_log": 8.43808571184967,
  "beta_mean": 2.0898086238731284,
  "beta_min": 1.3313082653967252,
  "beta_H": null,
  "p_haar_mean": null,
  "site_count": 12,
  "max_unfold_dim": 32,
  "per_site": [
    {
      "m": 32,
      "n": 2,
      "beta": 3.775394901809349,
      "svals": [
        1.0,
        0.6080548454511949,
        1.0,
        1.0,
        1.0,
        1.0,
        1.0,
        1.0,
        1.0,
        1.0,
        1.0,
        1.0,
        1.0,
        1.0,
        1.0,
        1.0,
        1.0,
        1.0,
        1.0,
        1.0,
        1.0,
        1.0,
        1.0,
        1.0,
        1.0,
        1.0,
        1.0,
        1.0,
        1.0,
        1.0,
        1.0,
        1.0
      ]
    },
    {
      "m": 32,
      "n": 32,
      "beta": 1.895868020081692,
      "svals": [
        1.0,
        1.0,
        1.0,
        1.0,
        1.0,
        1.0,
        0.9999999999999999,
        0.9999999999999992,
        0.5839583499450084,
        0.5839583499450082,
        0.5274628768498931,
        0.5274628768498931,
        0.5274628768498931,
        0.5274628768498931,
        0.5274628768498931,
        0.5274628768498931,
        0.5274628768498931,
        0.5274628768498931,
        0.527462876849893,
        0.527462876849893,
        0.527462876849893,
        0.527462876849893,
        0.527462876849893,
        0.527462876849893,
        0.527462876849893,
        0.527462876849893,
        0.5274628768498929,
        0.5274628768498929,
        0.47643309917730486,
        0.4764330991773047,
        0.27821708645476556,
        0.27821708645476534
      ]
    },
    {
      "m": 32,
      "n": 32,
      "beta": 1.8379061175798086,
      "svals": [
        1.0,
        1.0,
        1.0,
        1.0,
        1.0,
        1.0,
        1.0,
        1.0,
        0.5670959292989738,
        0.5670959292989731,
        0.5440974326353626,
        0.5440974326353624,
        0.5440974326353623,
        0.5440974326353623,
        0.5440974326353623,
        0.5440974326353623,
        0.5440974326353623,
        0.5440974326353623,
        0.5440974326353623,
        0.5440974326353623,
        0.5440974326353623,
        0.5440974326353621,
        0.5440974326353621,
        0.5440974326353621,
        0.5440974326353621,
        0.5440974326353621,
        0.5440974326353621,
        0.544097432635362,
        0.5220316368102847,
        0.5220316368102844,
        0.2960420162003925,
        0.29604201620039244
      ]
    },
    {
      "m": 32,
      "n": 32,
      "beta": 1.8771995531205639,
      "svals": [
        1.0,
        1.0,
        1.0,
        1.0,
        1.0,
        1.0,
        0.9999999999999999,
        0.9999999999999997,
        0.6136950409064069,
        0.6136950409064066,
        0.5327084157556131,
        0.532708415755613,
        0.532708415755613,
        0.532708415755613,
        0.532708415755613,
        0.532708415755613,
        0.532708415755613,
        0.532708415755613,
        0.532708415755613,
        0.5327084157556129,
        0.5327084157556129,
        0.5327084157556129,
        0.5327084157556129,
        0.5327084157556129,
        0.5327084157556129,
        0.5327084157556129,
        0.5327084157556129,
        0.5327084157556128,
        0.4624092379787268,
        0.4624092379787265,
        0.28377825621685515,
        0.2837782562168548
      ]
    },
    {
      "m": 32,
      "n": 32,
      "beta": 2.633295571259081,
      "svals": [
        1.0,
        1.0,
        1.0,
        1.0,
        1.0,
        1.0,
        1.0,
        1.0,
        0.4769756805825137,
        0.4769756805825136,
        0.3797522811014571,
        0.3797522811014571,
        0.37975228110145703,
        0.37975228110145703,
        0.379752281101457,
        0.379752281101457,
        0.379752281101457,
        0.3797522811014569,
        0.3797522811014569,
        0.3797522811014569,
        0.3797522811014569,
        0.37975228110145687,
        0.37975228110145687,
        0.37975228110145687,
        0.37975228110145687,
        0.37975228110145687,
        0.37975228110145687,
        0.3797522811014568,
        0.3023462219827207,
        0.3023462219827205,
        0.14421179500176004,
        0.14421179500175996
      ]
    },
    {
      "m": 32,
      "n": 32,
      "beta": 2.1419185229656326,
      "svals": [
        1.0,
        0.9999999999999996,
        0.9999999999999996,
        0.9999999999999996,
        0.9999999999999996,
        0.9999999999999996,
        0.9999999999999996,
        0.9999999999999991,
        0.5546156502254566,
        0.5546156502254559,
        0.4668711667964998,
        0.4668711667964997,
        0.46687116679649965,
        0.46687116679649965,
        0.46687116679649965,
        0.46687116679649965,
        0.46687116679649965,
        0.4668711667964996,
        0.4668711667964996,
        0.4668711667964996,
        0.4668711667964996,
        0.4668711667964996,
        0.4668711667964996,
        0.46687116679649954,
        0.46687116679649954,
        0.4668711667964995,
        0.4668711667964995,
        0.46687116679649937,
        0.3930085389716621,
        0.393008538971662,
        0.21796868638592523,
        0.21796868638592518
      ]
    },
    {
      "m": 32,
      "n": 32,
      "beta": 2.1404140127495705,
      "svals": [
        1.0,
        1.0,
        1.0,
        1.0,
        1.0,
        1.0,
        0.9999999999999998,
        0.9999999999999997,
        0.616769761195853,
        0.6167697611958529,
        0.46719933342026804,
        0.467199333420268,
        0.467199333420268,
        0.4671993334202679,
        0.4671993334202679,
        0.46719933342026787,
        0.4671993334202678,
        0.4671993334202678,
        0.4671993334202678,
        0.4671993334202678,
        0.4671993334202678,
        0.4671993334202678,
        0.4671993334202678,
        0.46719933342026776,
        0.46719933342026776,
        0.46719933342026776,
        0.46719933342026776,
        0.4671993334202676,
        0.35390064636944807,
        0.35390064636944807,
        0.2182752171483427,
        0.21827521714834264
      ]
    },
    {
      "m": 32,
      "n": 32,
      "beta": 1.6575580288111906,
      "svals": [
        1.0,
        1.0,
        1.0,
        1.0,
        1.0,
        1.0,
        0.9999999999999998,
        0.9999999999999997,
        0.8405596407010718,
        0.8405596407010717,
        0.603297129040608,
        0.6032971290406078,
        0.6032971290406077,
        0.6032971290406076,
        0.6032971290406076,
        0.6032971290406076,
        0.6032971290406076,
        0.6032971290406076,
        0.6032971290406076,
        0.6032971290406076,
        0.6032971290406076,
        0.6032971290406075,
        0.6032971290406075,
        0.6032971290406075,
        0.6032971290406075,
        0.6032971290406075,
        0.6032971290406074,
        0.6032971290406073,
        0.4330060691530124,
        0.43300606915301215,
        0.3639674259086397,
        0.3639674259086395
      ]
    },
    {
      "m": 32,
      "n": 32,
      "beta": 2.1603067647056227,