{
  "family": "QUBO_sweep_n12_order",
  "params": {
    "order": "greedy"
  },
  "regs_atoms": 28,
  "pad_pow": 2,
  "num_qudits": 28,
  "physical_atoms": 12,
  "ancilla_atoms": 16,
  "ancilla_qubits": 16,
  "gamma_log": 7.611423261950697,
  "beta_mean": 1.9168847064051748,
  "beta_min": 1.6330680788981262,
  "beta_H": null,
  "p_haar_mean": null,
  "site_count": 12,
  "max_unfold_dim": 32,
  "per_site": [
    {
      "m": 32,
      "n": 2,
      "beta": 3.0593881640403344,
      "svals": [
        1.0,
        0.6980199139051584,
        1.0,
        1.0,
        1.0,
        1.0,
        1.0,
        1.0,
        1.0,
        1.0,
        1.0,
        1.0,
        1.0,
        1.0,
        1.0,
        1.0,
        1.0,
        1.0,
        1.0,
        1.0,
        1.0,
        1.0,
        1.0,
        1.0,
        1.0,
        1.0,
        1.0,
        1.0,
        1.0,
        1.0,
        1.0,
        1.0
      ]
    },
    {
      "m": 32,
      "n": 32,
      "beta": 1.742862876866761,
      "svals": [
        1.0,
        1.0,
        1.0,
        1.0,
        1.0,
        1.0,
        1.0,
        0.9999999999999998,
        0.5972029106086774,
        0.5972029106086771,
        0.5737686041014051,
        0.573768604101405,
        0.573768604101405,
        0.573768604101405,
        0.573768604101405,
        0.573768604101405,
        0.5737686041014048,
        0.5737686041014048,
        0.5737686041014048,
        0.5737686041014048,
        0.5737686041014048,
        0.5737686041014048,
        0.5737686041014048,
        0.5737686041014048,
        0.5737686041014048,
        0.5737686041014048,
        0.5737686041014048,
        0.5737686041014046,
        0.5512538623044199,
        0.5512538623044195,
        0.32921041105247467,
        0.32921041105247456
      ]
    },
    {
      "m": 32,
      "n": 32,
      "beta": 1.6647806524017301,
      "svals": [
        1.0,
        1.0,
        1.0,
        1.0,
        1.0,
        1.0,
        0.9999999999999999,
        0.9999999999999996,
        0.696989941583259,
        0.6969899415832582,
        0.6006797343285613,
        0.6006797343285613,
        0.6006797343285613,
        0.6006797343285613,
        0.6006797343285613,
        0.6006797343285611,
        0.6006797343285611,
        0.6006797343285611,
        0.6006797343285611,
        0.6006797343285611,
        0.6006797343285611,
        0.6006797343285611,
        0.6006797343285611,
        0.600679734328561,
        0.600679734328561,
        0.600679734328561,
        0.600679734328561,
        0.600679734328561,
        0.5176776904605155,
        0.5176776904605155,
        0.36081614323303085,
        0.36081614323303085
      ]
    },
    {
      "m": 32,
      "n": 32,
      "beta": 1.8582474251344419,
      "svals": [
        1.0,
        1.0,
        1.0,
        1.0,
        1.0,
        1.0,
        0.9999999999999999,
        0.9999999999999996,
        0.6560623766039497,
        0.6560623766039492,
        0.5381414694696275,
        0.5381414694696275,
        0.5381414694696275,
        0.5381414694696274,
        0.5381414694696274,
        0.5381414694696274,
        0.5381414694696274,
        0.5381414694696274,
        0.5381414694696274,
        0.5381414694696274,
        0.5381414694696274,
        0.5381414694696274,
        0.5381414694696274,
        0.5381414694696273,
        0.5381414694696273,
        0.5381414694696272,
        0.5381414694696272,
        0.538141469469627,
        0.44141571211871655,
        0.44141571211871644,
        0.28959624116292987,
        0.28959624116292987
      ]
    },
    {
      "m": 32,
      "n": 32,
      "beta": 2.2039091317022765,
      "svals": [
        1.0,
        1.0,
        1.0,
        1.0,
        1.0,
        1.0,
        0.9999999999999999,
        0.9999999999999999,
        0.5572587730173735,
        0.5572587730173731,
        0.4537392152949659,
        0.45373921529496586,
        0.45373921529496586,
        0.4537392152949658,
        0.4537392152949658,
        0.4537392152949658,
        0.45373921529496575,
        0.4537392152949657,
        0.4537392152949657,
        0.4537392152949657,
        0.4537392152949657,
        0.4537392152949657,
        0.4537392152949657,
        0.4537392152949657,
        0.45373921529496564,
        0.45373921529496564,
        0.45373921529496564,
        0.4537392152949655,
        0.3694500391294383,
        0.36945003912943825,
        0.20587927549649115,
        0.20587927549649115
      ]
    },
    {
      "m": 32,
      "n": 32,
      "beta": 1.9592088598260797,
      "svals": [
        1.0,
        1.0,
        1.0,
        1.0,
        1.0,
        1.0,
        0.9999999999999997,
        0.9999999999999996,
        0.6352007706292432,
        0.635200770629243,
        0.5104101050710698,
        0.5104101050710698,
        0.5104101050710698,
        0.5104101050710698,
        0.5104101050710698,
        0.5104101050710698,
        0.5104101050710697,
        0.5104101050710697,
        0.5104101050710697,
        0.5104101050710697,
        0.5104101050710697,
        0.5104101050710697,
        0.5104101050710697,
        0.5104101050710695,
        0.5104101050710695,
        0.5104101050710695,
        0.5104101050710695,
        0.5104101050710695,
        0.4101356412092912,
        0.41013564120929097,
        0.2605184753586606,
        0.2605184753586604
      ]
    },
    {
      "m": 32,
      "n": 32,
      "beta": 1.7042340835973873,
      "svals": [
        1.0,
        1.0,
        1.0,
        1.0,
        1.0,
        1.0,
        1.0,
        0.9999999999999998,
        0.76740243262335,
        0.7674024326233497,
        0.5867738532075052,
        0.5867738532075051,
        0.5867738532075051,
        0.5867738532075051,
        0.5867738532075051,
        0.5867738532075051,
        0.5867738532075051,
        0.586773853207505,
        0.586773853207505,
        0.586773853207505,
        0.5867738532075049,
        0.5867738532075049,
        0.5867738532075049,
        0.5867738532075049,
        0.5867738532075049,
        0.5867738532075049,
        0.5867738532075049,
        0.5867738532075049,
        0.44866101561730526,
        0.4486610156173051,
        0.3443035548079828,
        0.3443035548079827
      ]
    },
    {
      "m": 32,
      "n": 32,
      "beta": 1.6330680788981262,
      "svals": [
        1.0,
        1.0,
        1.0,
        1.0,
        1.0,
        1.0,
        0.9999999999999998,
        0.9999999999999994,
        0.7765127467238065,
        0.7765127467238063,
        0.6123443430936001,
        0.6123443430936,
        0.6123443430936,
        0.6123443430936,
        0.6123443430935999,
        0.6123443430935999,
        0.6123443430935999,
        0.6123443430935998,
        0.6123443430935998,
        0.6123443430935998,
        0.6123443430935998,
        0.6123443430935996,
        0.6123443430935996,
        0.6123443430935996,
        0.6123443430935996,
        0.6123443430935996,
        0.6123443430935995,
        0.6123443430935994,
        0.48288401716617496,
        0.4828840171661745,
        0.3749655945187325,
        0.37496559451873224
      ]
    },
    {
      "m": 32,
      "n": 32,
      "beta": 1.8440777717073882,