{
  "family": "QUBO_sweep",
  "params": {
    "n": 8,
    "inst": 0,
    "encoder": "sweep"
  },
  "regs_atoms": 20,
  "pad_pow": 2,
  "num_qudits": 20,
  "physical_atoms": 8,
  "ancilla_atoms": 12,
  "ancilla_qubits": 12,
  "gamma_log": 5.606360521029567,
  "beta_mean": 2.1631034801032887,
  "beta_min": 1.2974986458389357,
  "beta_H": null,
  "p_haar_mean": null,
  "site_count": 8,
  "max_unfold_dim": 32,
  "per_site": [
    {
      "m": 32,
      "n": 2,
      "beta": 4.556200426203566,
      "svals": [
        1.0,
        0.7094866363531297,
        1.0,
        1.0,
        1.0,
        1.0,
        1.0,
        1.0,
        1.0,
        1.0,
        1.0,
        1.0,
        1.0,
        1.0,
        1.0,
        1.0,
        1.0,
        1.0,
        1.0,
        1.0,
        1.0,
        1.0,
        1.0,
        1.0,
        1.0,
        1.0,
        1.0,
        1.0,
        1.0,
        1.0,
        1.0,
        1.0
      ]
    },
    {
      "m": 32,
      "n": 32,
      "beta": 1.6221042313612313,
      "svals": [
        1.0,
        1.0,
        1.0,
        1.0,
        1.0,
        1.0,
        1.0,
        1.0,
        1.0,
        1.0,
        1.0,
        1.0,
        1.0,
        1.0,
        0.9999999999999999,
        0.9999999999999998,
        0.6461787927501449,
        0.6461787927501446,
        0.6164831955100838,
        0.6164831955100838,
        0.6164831955100838,
        0.6164831955100837,
        0.6164831955100837,
        0.6164831955100836,
        0.6164831955100836,
        0.6164831955100836,
        0.6164831955100836,
        0.6164831955100833,
        0.5881522801589019,
        0.5881522801589019,
        0.3800515303463241,
        0.3800515303463241
      ]
    },
    {
      "m": 32,
      "n": 32,
      "beta": 1.9331067202152565,
      "svals": [
        1.0,
        0.9999999999999998,
        0.9999999999999998,
        0.9999999999999998,
        0.9999999999999998,
        0.9999999999999998,
        0.9999999999999998,
        0.9999999999999998,
        0.9999999999999998,
        0.9999999999999998,
        0.9999999999999998,
        0.9999999999999998,
        0.9999999999999998,
        0.9999999999999998,
        0.9999999999999998,
        0.9999999999999997,
        0.5610496080586371,
        0.561049608058637,
        0.5173020141840113,
        0.5173020141840113,
        0.5173020141840113,
        0.5173020141840112,
        0.5173020141840112,
        0.5173020141840112,
        0.5173020141840112,
        0.5173020141840111,
        0.5173020141840111,
        0.517302014184011,
        0.47696561950163086,
        0.4769656195016308,
        0.26760137387883526,
        0.267601373878835
      ]
    },
    {
      "m": 32,
      "n": 32,
      "beta": 2.207510101335463,
      "svals": [
        1.0,
        1.0,
        1.0,
        1.0,
        1.0,
        1.0,
        1.0,
        1.0,
        1.0,
        1.0,
        1.0,
        1.0,
        1.0,
        1.0,
        0.9999999999999999,
        0.9999999999999998,
        0.53397012498091,
        0.5339701249809098,
        0.4529990596170034,
        0.4529990596170033,
        0.45299905961700315,
        0.45299905961700315,
        0.45299905961700315,
        0.4529990596170031,
        0.4529990596170031,
        0.45299905961700304,
        0.452999059617003,
        0.452999059617003,
        0.38430642167710327,
        0.38430642167710316,
        0.20520814801388923,
        0.20520814801388915
      ]
    },
    {
      "m": 32,
      "n": 32,
      "beta": 1.6434838178665347,
      "svals": [
        1.0,
        0.9999999999999996,
        0.9999999999999996,
        0.9999999999999996,
        0.9999999999999996,
        0.9999999999999996,
        0.9999999999999996,
        0.9999999999999996,
        0.9999999999999996,
        0.9999999999999996,
        0.9999999999999996,
        0.9999999999999996,
        0.9999999999999996,
        0.9999999999999996,
        0.9999999999999996,
        0.9999999999999991,
        0.7869620396809601,
        0.7869620396809595,
        0.6084635511033726,
        0.6084635511033725,
        0.6084635511033725,
        0.6084635511033725,
        0.6084635511033725,
        0.6084635511033725,
        0.6084635511033725,
        0.6084635511033725,
        0.6084635511033724,
        0.6084635511033724,
        0.4704520349817884,
        0.4704520349817882,
        0.3702278930213266,
        0.3702278930213266
      ]
    },
    {
      "m": 32,
      "n": 32,
      "beta": 1.813485391859567,
      "svals": [
        1.0,
        0.9999999999999998,
        0.9999999999999998,
        0.9999999999999998,
        0.9999999999999998,
        0.9999999999999998,
        0.9999999999999998,
        0.9999999999999998,
        0.9999999999999998,
        0.9999999999999998,
        0.9999999999999998,
        0.9999999999999998,
        0.9999999999999998,
        0.9999999999999998,
        0.9999999999999998,
        0.9999999999999998,
        0.6746146013898711,
        0.6746146013898705,
        0.5514243481027382,
        0.5514243481027382,
        0.5514243481027381,
        0.551424348102738,
        0.551424348102738,
        0.551424348102738,
        0.5514243481027379,
        0.5514243481027379,
        0.5514243481027379,
        0.5514243481027379,
        0.4507296626163646,
        0.4507296626163644,
        0.3040688116805297,
        0.3040688116805296
      ]
    },
    {
      "m": 32,
      "n": 32,
      "beta": 2.231438506145755,
      "svals": [
        1.0,
        0.9999999999999996,
        0.9999999999999996,
        0.9999999999999996,
        0.9999999999999996,
        0.9999999999999996,
        0.9999999999999996,
        0.9999999999999996,
        0.9999999999999996,
        0.9999999999999996,
        0.9999999999999996,
        0.9999999999999996,
        0.9999999999999996,
        0.9999999999999996,
        0.9999999999999996,
        0.9999999999999994,
        0.5405423767510142,
        0.540542376751014,
        0.44814141068455754,
        0.4481414106845575,
        0.44814141068455743,
        0.44814141068455743,
        0.44814141068455743,
        0.44814141068455743,
        0.4481414106845574,
        0.4481414106845573,
        0.44814141068455726,
        0.4481414106845572,
        0.37153557724272984,
        0.37153557724272956,
        0.2008307239703452,
        0.2008307239703452
      ]
    },
    {
      "m": 2,
      "n": 32,
      "beta": 1.2974986458389357,
      "svals": [
        1.0,
        1.0,
        0.0,
        0.0,
        0.0,
        0.0,
        0.0,
        0.0,
        0.0,
        0.0,
        0.0,
        0.0,
        0.0,
        0.0,
        0.0,
        0.0,
        0.0,
        0.0,
        0.0,
        0.0,
        0.0,
        0.0,
        0.0,
        0.0,
        0.0,
        0.0,
        0.0,
        0.0,
        0.0,
        0.0,
        0.0,
        0.0
      ]
    }
  ]
}