{
  "family": "QUBO_sweep",
  "params": {
    "n": 12,
    "inst": 1,
    "encoder": "sweep"
  },
  "regs_atoms": 28,
  "pad_pow": 2,
  "num_qudits": 28,
  "physical_atoms": 12,
  "ancilla_atoms": 16,
  "ancilla_qubits": 16,
  "gamma_log": 8.780367744354669,
  "beta_mean": 2.217079854839867,
  "beta_min": 1.3246697916833174,
  "beta_H": null,
  "p_haar_mean": null,
  "site_count": 12,
  "max_unfold_dim": 32,
  "per_site": [
    {
      "m": 32,
      "n": 2,
      "beta": 5.064958777105206,
      "svals": [
        1.0,
        0.7199635947138648,
        1.0,
        1.0,
        1.0,
        1.0,
        1.0,
        1.0,
        1.0,
        1.0,
        1.0,
        1.0,
        1.0,
        1.0,
        1.0,
        1.0,
        1.0,
        1.0,
        1.0,
        1.0,
        1.0,
        1.0,
        1.0,
        1.0,
        1.0,
        1.0,
        1.0,
        1.0,
        1.0,
        1.0,
        1.0,
        1.0
      ]
    },
    {
      "m": 32,
      "n": 32,
      "beta": 2.0566523910627907,
      "svals": [
        1.0,
        1.0,
        1.0,
        1.0,
        1.0,
        1.0,
        1.0,
        0.9999999999999999,
        0.5070088918743957,
        0.5070088918743955,
        0.48622703785312177,
        0.48622703785312144,
        0.4862270378531214,
        0.4862270378531214,
        0.4862270378531214,
        0.4862270378531214,
        0.4862270378531213,
        0.4862270378531213,
        0.4862270378531213,
        0.4862270378531213,
        0.4862270378531213,
        0.4862270378531213,
        0.4862270378531213,
        0.48622703785312127,
        0.48622703785312127,
        0.4862270378531212,
        0.4862270378531212,
        0.4862270378531211,
        0.4662970139742436,
        0.4662970139742436,
        0.23641673233942076,
        0.2364167323394207
      ]
    },
    {
      "m": 32,
      "n": 32,
      "beta": 1.6277216071279073,
      "svals": [
        1.0,
        1.0,
        0.9999999999999998,
        0.9999999999999998,
        0.9999999999999998,
        0.9999999999999998,
        0.9999999999999998,
        0.9999999999999998,
        0.710706162739934,
        0.7107061627399335,
        0.6143556709089135,
        0.6143556709089134,
        0.6143556709089133,
        0.6143556709089133,
        0.6143556709089133,
        0.6143556709089133,
        0.6143556709089133,
        0.6143556709089133,
        0.6143556709089133,
        0.6143556709089133,
        0.6143556709089133,
        0.6143556709089132,
        0.6143556709089132,
        0.6143556709089132,
        0.6143556709089132,
        0.6143556709089132,
        0.6143556709089131,
        0.6143556709089131,
        0.531067423030147,
        0.5310674230301469,
        0.37743289037794114,
        0.3774328903779409
      ]
    },
    {
      "m": 32,
      "n": 32,
      "beta": 1.662581325465343,
      "svals": [
        1.0,
        1.0,
        0.9999999999999998,
        0.9999999999999998,
        0.9999999999999998,
        0.9999999999999998,
        0.9999999999999998,
        0.9999999999999998,
        0.6661622266409993,
        0.6661622266409988,
        0.6014743367336384,
        0.6014743367336384,
        0.6014743367336383,
        0.6014743367336383,
        0.6014743367336381,
        0.6014743367336381,
        0.6014743367336381,
        0.6014743367336381,
        0.6014743367336381,
        0.6014743367336381,
        0.6014743367336381,
        0.601474336733638,
        0.601474336733638,
        0.601474336733638,
        0.601474336733638,
        0.601474336733638,
        0.601474336733638,
        0.6014743367336379,
        0.5430679844657899,
        0.5430679844657897,
        0.36177137774917,
        0.36177137774916995
      ]
    },
    {
      "m": 32,
      "n": 32,
      "beta": 2.325324728965149,
      "svals": [
        1.0,
        1.0,
        1.0,
        1.0,
        1.0,
        1.0,
        1.0,
        0.9999999999999994,
        0.5149331497462504,
        0.5149331497462504,
        0.4300474628526552,
        0.4300474628526552,
        0.4300474628526551,
        0.4300474628526551,
        0.4300474628526551,
        0.43004746285265505,
        0.43004746285265505,
        0.43004746285265505,
        0.43004746285265505,
        0.43004746285265505,
        0.430047462852655,
        0.430047462852655,
        0.430047462852655,
        0.430047462852655,
        0.430047462852655,
        0.430047462852655,
        0.43004746285265494,
        0.43004746285265494,
        0.35915500953306506,
        0.35915500953306495,
        0.18494082030600578,
        0.18494082030600578
      ]
    },
    {
      "m": 32,
      "n": 32,
      "beta": 1.6333387032342652,
      "svals": [
        1.0,
        0.9999999999999998,
        0.9999999999999998,
        0.9999999999999998,
        0.9999999999999998,
        0.9999999999999998,
        0.9999999999999998,
        0.9999999999999997,
        0.7262839384150771,
        0.726283938415077,
        0.6122428850916499,
        0.6122428850916499,
        0.6122428850916497,
        0.6122428850916496,
        0.6122428850916496,
        0.6122428850916496,
        0.6122428850916496,
        0.6122428850916496,
        0.6122428850916495,
        0.6122428850916495,
        0.6122428850916495,
        0.6122428850916495,
        0.6122428850916494,
        0.6122428850916494,
        0.6122428850916494,
        0.6122428850916494,
        0.6122428850916493,
        0.6122428850916493,
        0.5161085500022746,
        0.5161085500022745,
        0.374841350345347,
        0.37484135034534677
      ]
    },
    {
      "m": 32,
      "n": 32,
      "beta": 1.9890260388713497,
      "svals": [
        1.0,
        1.0,
        1.0,
        1.0,
        1.0,
        1.0,
        0.9999999999999998,
        0.9999999999999998,
        0.6275762132666978,
        0.6275762132666974,
        0.5027586268138747,
        0.5027586268138746,
        0.5027586268138745,
        0.5027586268138745,
        0.5027586268138745,
        0.5027586268138745,
        0.5027586268138745,
        0.5027586268138744,
        0.5027586268138744,
        0.5027586268138744,
        0.5027586268138744,
        0.5027586268138744,
        0.5027586268138744,
        0.5027586268138744,
        0.5027586268138744,
        0.5027586268138744,
        0.5027586268138744,
        0.5027586268138743,
        0.402765801973371,
        0.402765801973371,
        0.25276623683577293,
        0.2527662368357727
      ]
    },
    {
      "m": 32,
      "n": 32,
      "beta": 2.3637021807372522,
      "svals": [
        1.0,
        0.9999999999999996,
        0.9999999999999996,
        0.9999999999999996,
        0.9999999999999996,
        0.9999999999999996,
        0.9999999999999996,
        0.9999999999999996,
        0.4572592430086462,
        0.4572592430086458,
        0.42306514253335187,
        0.42306514253335187,
        0.42306514253335187,
        0.4230651425333518,
        0.4230651425333518,
        0.4230651425333518,
        0.4230651425333518,
        0.4230651425333518,
        0.4230651425333518,
        0.42306514253335176,
        0.42306514253335176,
        0.42306514253335176,
        0.42306514253335176,
        0.42306514253335176,
        0.4230651425333517,
        0.42306514253335165,
        0.42306514253335165,
        0.4230651425333516,
        0.39142809590703254,
        0.39142809590703226,
        0.17898411482676532,
        0.1789841148267653
      ]
    },
    {
      "m": 32,
      "n": 32,
      "beta": 2.778553688682524,