{
  "family": "QUBO_sweep",
  "params": {
    "n": 10,
    "inst": 1,
    "encoder": "sweep"
  },
  "regs_atoms": 24,
  "pad_pow": 2,
  "num_qudits": 24,
  "physical_atoms": 10,
  "ancilla_atoms": 14,
  "ancilla_qubits": 14,
  "gamma_log": 5.104945489200192,
  "beta_mean": 1.6861896782831103,
  "beta_min": 1.0841654236458838,
  "beta_H": null,
  "p_haar_mean": null,
  "site_count": 10,
  "max_unfold_dim": 32,
  "per_site": [
    {
      "m": 32,
      "n": 2,
      "beta": 1.850206552796316,
      "svals": [
        1.0,
        0.7649546279019828,
        1.0,
        1.0,
        1.0,
        1.0,
        1.0,
        1.0,
        1.0,
        1.0,
        1.0,
        1.0,
        1.0,
        1.0,
        1.0,
        1.0,
        1.0,
        1.0,
        1.0,
        1.0,
        1.0,
        1.0,
        1.0,
        1.0,
        1.0,
        1.0,
        1.0,
        1.0,
        1.0,
        1.0,
        1.0,
        1.0
      ]
    },
    {
      "m": 32,
      "n": 32,
      "beta": 1.6324230425111534,
      "svals": [
        1.0,
        1.0,
        1.0,
        1.0,
        1.0,
        1.0,
        1.0,
        1.0,
        1.0,
        1.0,
        0.9999999999999998,
        0.9999999999999997,
        0.6588757780908998,
        0.6588757780908995,
        0.6125863051171483,
        0.612586305117148,
        0.6125863051171478,
        0.6125863051171478,
        0.6125863051171477,
        0.6125863051171477,
        0.6125863051171477,
        0.6125863051171476,
        0.6125863051171476,
        0.6125863051171476,
        0.6125863051171476,
        0.6125863051171476,
        0.6125863051171476,
        0.6125863051171475,
        0.569548909969653,
        0.569548909969653,
        0.37526198121707943,
        0.37526198121707927
      ]
    },
    {
      "m": 32,
      "n": 32,
      "beta": 1.8218326813057415,
      "svals": [
        1.0,
        0.9999999999999998,
        0.9999999999999996,
        0.9999999999999996,
        0.9999999999999996,
        0.9999999999999996,
        0.9999999999999996,
        0.9999999999999996,
        0.9999999999999996,
        0.9999999999999996,
        0.9999999999999996,
        0.9999999999999996,
        0.6640231199683818,
        0.6640231199683815,
        0.5488978270404512,
        0.5488978270404512,
        0.5488978270404511,
        0.5488978270404511,
        0.5488978270404511,
        0.5488978270404511,
        0.5488978270404511,
        0.5488978270404511,
        0.5488978270404511,
        0.5488978270404511,
        0.5488978270404511,
        0.5488978270404511,
        0.548897827040451,
        0.5488978270404509,
        0.45373243109980166,
        0.4537324310998016,
        0.30128882452972916,
        0.3012888245297291
      ]
    },
    {
      "m": 32,
      "n": 32,
      "beta": 1.6186242891752034,
      "svals": [
        1.0,
        1.0,
        1.0,
        1.0,
        1.0,
        1.0,
        1.0,
        1.0,
        1.0,
        1.0,
        1.0,
        0.9999999999999999,
        0.6617383296598341,
        0.661738329659834,
        0.6178085962799723,
        0.6178085962799722,
        0.6178085962799722,
        0.6178085962799722,
        0.6178085962799721,
        0.6178085962799721,
        0.6178085962799721,
        0.6178085962799721,
        0.6178085962799721,
        0.6178085962799721,
        0.617808596279972,
        0.617808596279972,
        0.617808596279972,
        0.6178085962799719,
        0.5767951538089617,
        0.5767951538089614,
        0.38168746163742956,
        0.38168746163742945
      ]
    },
    {
      "m": 32,
      "n": 32,
      "beta": 2.0592789894704677,
      "svals": [
        1.0,
        1.0,
        1.0,
        1.0,
        1.0,
        1.0,
        1.0,
        1.0,
        1.0,
        1.0,
        0.9999999999999999,
        0.9999999999999999,
        0.5667607273598307,
        0.5667607273598307,
        0.4856068580863563,
        0.48560685808635606,
        0.48560685808635606,
        0.48560685808635606,
        0.48560685808635606,
        0.48560685808635606,
        0.485606858086356,
        0.48560685808635595,
        0.48560685808635595,
        0.48560685808635595,
        0.48560685808635595,
        0.4856068580863559,
        0.4856068580863559,
        0.48560685808635573,
        0.4160733255442846,
        0.41607332554428456,
        0.23581402062050255,
        0.2358140206205024
      ]
    },
    {
      "m": 32,
      "n": 32,
      "beta": 1.623436873359634,
      "svals": [
        1.0,
        1.0,
        1.0,
        1.0,
        1.0,
        1.0,
        1.0,
        1.0,
        1.0,
        1.0,
        1.0,
        0.9999999999999998,
        0.7808149613720201,
        0.7808149613720201,
        0.6159771386309235,
        0.6159771386309235,
        0.6159771386309234,
        0.6159771386309233,
        0.6159771386309233,
        0.6159771386309233,
        0.6159771386309232,
        0.6159771386309232,
        0.6159771386309232,
        0.6159771386309232,
        0.6159771386309232,
        0.6159771386309231,
        0.6159771386309231,
        0.6159771386309231,
        0.4859382236339617,
        0.4859382236339616,
        0.3794278353159397,
        0.37942783531593954
      ]
    },
    {
      "m": 32,
      "n": 32,
      "beta": 1.7327345797311773,
      "svals": [
        1.0,
        1.0,
        1.0,
        1.0,
        1.0,
        1.0,
        1.0,
        1.0,
        1.0,
        1.0,
        0.9999999999999999,
        0.9999999999999997,
        0.7258740803855679,
        0.7258740803855673,
        0.5771224350789743,
        0.5771224350789743,
        0.5771224350789743,
        0.5771224350789743,
        0.5771224350789742,
        0.5771224350789742,
        0.5771224350789742,
        0.5771224350789742,
        0.5771224350789741,
        0.5771224350789741,
        0.5771224350789741,
        0.5771224350789741,
        0.5771224350789741,
        0.577122435078974,
        0.45885410992298503,
        0.4588541099229849,
        0.3330703050714849,
        0.33307030507148466
      ]
    },
    {
      "m": 32,
      "n": 32,
      "beta": 1.8202151554766286,
      "svals": [
        1.0,
        1.0,
        1.0,
        1.0,
        1.0,
        1.0,
        1.0,
        1.0,
        1.0,
        1.0,
        1.0,
        0.9999999999999999,
        0.6518773675258697,
        0.6518773675258696,
        0.5493856025707841,
        0.549385602570784,
        0.5493856025707837,
        0.5493856025707837,
        0.5493856025707836,
        0.5493856025707836,
        0.5493856025707835,
        0.5493856025707835,
        0.5493856025707834,
        0.5493856025707834,
        0.5493856025707834,
        0.5493856025707834,
        0.5493856025707834,
        0.5493856025707833,
        0.4630081597365555,
        0.46300815973655535,
        0.30182454031206296,
        0.30182454031206285
      ]
    },
    {
      "m": 32,
      "n": 32,
      "beta": 1.618979195358898,
      "svals": [
        1.0,
        0.9999999999999996,
        0.9999999999999996,
        0.9999999999999996,
        0.9999999999999996,
        0.9999999999999996,
        0.9999999999999996,
        0.9999999999999996,
        0.9999999999999996,
        0.9999999999999996,
        0.9999999999999996,
        0.9999999999999992,
        0.7794699517898278,
        0.7794699517898276,
        0.6176731627353115,
        0.6176731627353115,
        0.6176731627353115,
        0.6176731627353114,
        0.6176731627353114,
        0.6176731627353114,
        0.6176731627353113,
        0.6176731627353113,
        0.6176731627353113,
        0.6176731627353113,
        0.617673162735311,
        0.617673162735311,
        0.617673162735311,
        0.617673162735311,
        0.4894609921619061,
        0.4894609921619058,
        0.3815201359634428,
        0.3815201359634426
      ]
    },
    {
      "m": 2,