{
  "family": "QUBO_sweep",
  "params": {
    "n": 12,
    "inst": 2,
    "encoder": "sweep"
  },
  "regs_atoms": 28,
  "pad_pow": 2,
  "num_qudits": 28,
  "physical_atoms": 12,
  "ancilla_atoms": 16,
  "ancilla_qubits": 16,
  "gamma_log": 7.04854967391854,
  "beta_mean": 1.815294554104803,
  "beta_min": 1.3774151525853664,
  "beta_H": null,
  "p_haar_mean": null,
  "site_count": 12,
  "max_unfold_dim": 32,
  "per_site": [
    {
      "m": 32,
      "n": 2,
      "beta": 2.258369015585656,
      "svals": [
        1.0,
        0.6762371889576428,
        1.0,
        1.0,
        1.0,
        1.0,
        1.0,
        1.0,
        1.0,
        1.0,
        1.0,
        1.0,
        1.0,
        1.0,
        1.0,
        1.0,
        1.0,
        1.0,
        1.0,
        1.0,
        1.0,
        1.0,
        1.0,
        1.0,
        1.0,
        1.0,
        1.0,
        1.0,
        1.0,
        1.0,
        1.0,
        1.0
      ]
    },
    {
      "m": 32,
      "n": 32,
      "beta": 1.7061412580105382,
      "svals": [
        1.0,
        1.0,
        1.0,
        1.0,
        1.0,
        1.0,
        1.0,
        1.0,
        0.6674502163464514,
        0.6674502163464514,
        0.5861179402964908,
        0.5861179402964907,
        0.5861179402964907,
        0.5861179402964907,
        0.5861179402964907,
        0.5861179402964907,
        0.5861179402964906,
        0.5861179402964906,
        0.5861179402964906,
        0.5861179402964906,
        0.5861179402964906,
        0.5861179402964906,
        0.5861179402964906,
        0.5861179402964906,
        0.5861179402964904,
        0.5861179402964904,
        0.5861179402964904,
        0.5861179402964904,
        0.5146964245781044,
        0.514696424578104,
        0.3435342399374006,
        0.34353423993740057
      ]
    },
    {
      "m": 32,
      "n": 32,
      "beta": 2.1885386353182454,
      "svals": [
        1.0,
        1.0,
        1.0,
        1.0,
        1.0,
        1.0,
        0.9999999999999993,
        0.9999999999999992,
        0.561457310231503,
        0.5614573102315028,
        0.45692590656713983,
        0.4569259065671398,
        0.4569259065671398,
        0.4569259065671397,
        0.4569259065671397,
        0.4569259065671397,
        0.45692590656713966,
        0.45692590656713966,
        0.45692590656713966,
        0.45692590656713966,
        0.45692590656713966,
        0.45692590656713966,
        0.45692590656713966,
        0.45692590656713966,
        0.4569259065671396,
        0.4569259065671396,
        0.4569259065671396,
        0.45692590656713955,
        0.3718560258946791,
        0.37185602589467903,
        0.2087812840922027,
        0.20878128409220256
      ]
    },
    {
      "m": 32,
      "n": 32,
      "beta": 1.618102605712311,
      "svals": [
        1.0,
        0.9999999999999998,
        0.9999999999999996,
        0.9999999999999996,
        0.9999999999999996,
        0.9999999999999996,
        0.9999999999999996,
        0.9999999999999996,
        0.6803890812445453,
        0.6803890812445451,
        0.6180077805138856,
        0.6180077805138856,
        0.6180077805138856,
        0.6180077805138856,
        0.6180077805138856,
        0.6180077805138856,
        0.6180077805138855,
        0.6180077805138855,
        0.6180077805138855,
        0.6180077805138855,
        0.6180077805138855,
        0.6180077805138855,
        0.6180077805138855,
        0.6180077805138855,
        0.6180077805138855,
        0.6180077805138854,
        0.6180077805138853,
        0.6180077805138853,
        0.561345893554139,
        0.5613458935541387,
        0.3819336167756989,
        0.3819336167756989
      ]
    },
    {
      "m": 32,
      "n": 32,
      "beta": 1.760555644469158,
      "svals": [
        1.0,
        1.0,
        0.9999999999999998,
        0.9999999999999998,
        0.9999999999999998,
        0.9999999999999998,
        0.9999999999999998,
        0.9999999999999998,
        0.7564923606825328,
        0.7564923606825327,
        0.5680024957697488,
        0.5680024957697488,
        0.5680024957697488,
        0.5680024957697488,
        0.5680024957697488,
        0.5680024957697487,
        0.5680024957697487,
        0.5680024957697487,
        0.5680024957697487,
        0.5680024957697487,
        0.5680024957697487,
        0.5680024957697487,
        0.5680024957697487,
        0.5680024957697487,
        0.5680024957697487,
        0.5680024957697487,
        0.5680024957697486,
        0.5680024957697484,
        0.42647732081468565,
        0.4264773208146855,
        0.3226268352006635,
        0.3226268352006634
      ]
    },
    {
      "m": 32,
      "n": 32,
      "beta": 1.7676128860371219,
      "svals": [
        1.0,
        0.9999999999999998,
        0.9999999999999998,
        0.9999999999999998,
        0.9999999999999998,
        0.9999999999999998,
        0.9999999999999998,
        0.9999999999999997,
        0.7296511832236301,
        0.7296511832236295,
        0.5657347306637589,
        0.5657347306637588,
        0.5657347306637588,
        0.5657347306637586,
        0.5657347306637586,
        0.5657347306637586,
        0.5657347306637586,
        0.5657347306637586,
        0.5657347306637586,
        0.5657347306637585,
        0.5657347306637585,
        0.5657347306637585,
        0.5657347306637585,
        0.5657347306637585,
        0.5657347306637585,
        0.5657347306637585,
        0.5657347306637581,
        0.5657347306637581,
        0.4386421797675644,
        0.4386421797675642,
        0.3200557854791956,
        0.32005578547919555
      ]
    },
    {
      "m": 32,
      "n": 32,
      "beta": 1.7192275356969309,
      "svals": [
        1.0,
        1.0,
        1.0,
        1.0,
        1.0,
        1.0,
        0.9999999999999999,
        0.9999999999999999,
        0.8386176201619568,
        0.8386176201619561,
        0.5816565749655855,
        0.5816565749655854,
        0.5816565749655853,
        0.5816565749655853,
        0.5816565749655853,
        0.5816565749655852,
        0.5816565749655852,
        0.5816565749655851,
        0.5816565749655851,
        0.5816565749655851,
        0.581656574965585,
        0.581656574965585,
        0.581656574965585,
        0.581656574965585,
        0.581656574965585,
        0.581656574965585,
        0.581656574965585,
        0.5816565749655849,
        0.40343103110015405,
        0.4034310311001539,
        0.3383243712006954,
        0.33832437120069536
      ]
    },
    {
      "m": 32,
      "n": 32,
      "beta": 1.8541045425838583,
      "svals": [
        1.0,
        1.0,
        1.0,
        1.0,
        1.0,
        1.0,
        0.9999999999999999,
        0.9999999999999996,
        0.6709450454260278,
        0.6709450454260275,
        0.5393439134809586,
        0.5393439134809584,
        0.5393439134809584,
        0.5393439134809583,
        0.5393439134809583,
        0.5393439134809583,
        0.5393439134809583,
        0.5393439134809583,
        0.5393439134809582,
        0.5393439134809582,
        0.5393439134809582,
        0.5393439134809581,
        0.5393439134809581,
        0.5393439134809581,
        0.5393439134809581,
        0.5393439134809581,
        0.539343913480958,
        0.5393439134809578,
        0.43355541410138726,
        0.4335554141013871,
        0.29089185700895537,
        0.2908918570089552
      ]
    },
    {
      "m": 32,
      "n": 32,
      "beta": 1.8181227597678984,