{
  "family": "QUBO_sweep",
  "params": {
    "n": 8,
    "inst": 2,
    "encoder": "sweep"
  },
  "regs_atoms": 20,
  "pad_pow": 2,
  "num_qudits": 20,
  "physical_atoms": 8,
  "ancilla_atoms": 12,
  "ancilla_qubits": 12,
  "gamma_log": 5.055611811665379,
  "beta_mean": 1.9259323200529186,
  "beta_min": 1.456384465155853,
  "beta_H": null,
  "p_haar_mean": null,
  "site_count": 8,
  "max_unfold_dim": 32,
  "per_site": [
    {
      "m": 32,
      "n": 2,
      "beta": 2.017394253041317,
      "svals": [
        1.0,
        0.8451146843839091,
        1.0,
        1.0,
        1.0,
        1.0,
        1.0,
        1.0,
        1.0,
        1.0,
        1.0,
        1.0,
        1.0,
        1.0,
        1.0,
        1.0,
        1.0,
        1.0,
        1.0,
        1.0,
        1.0,
        1.0,
        1.0,
        1.0,
        1.0,
        1.0,
        1.0,
        1.0,
        1.0,
        1.0,
        1.0,
        1.0
      ]
    },
    {
      "m": 32,
      "n": 32,
      "beta": 1.65956167511214,
      "svals": [
        1.0,
        1.0,
        1.0,
        1.0,
        1.0,
        1.0,
        1.0,
        1.0,
        1.0,
        1.0,
        1.0,
        1.0,
        1.0,
        1.0,
        0.9999999999999997,
        0.9999999999999994,
        0.6758082721665923,
        0.6758082721665923,
        0.6025687475172793,
        0.6025687475172793,
        0.6025687475172793,
        0.6025687475172793,
        0.6025687475172792,
        0.6025687475172792,
        0.6025687475172792,
        0.6025687475172792,
        0.6025687475172792,
        0.6025687475172791,
        0.537266426645689,
        0.5372664266456888,
        0.36308909548454266,
        0.36308909548454255
      ]
    },
    {
      "m": 32,
      "n": 32,
      "beta": 1.7483886112180806,
      "svals": [
        1.0,
        0.9999999999999998,
        0.9999999999999998,
        0.9999999999999998,
        0.9999999999999998,
        0.9999999999999998,
        0.9999999999999998,
        0.9999999999999998,
        0.9999999999999998,
        0.9999999999999998,
        0.9999999999999998,
        0.9999999999999998,
        0.9999999999999998,
        0.9999999999999998,
        0.9999999999999998,
        0.9999999999999998,
        0.6632819704006147,
        0.6632819704006143,
        0.5719552241325301,
        0.5719552241325301,
        0.5719552241325301,
        0.57195522413253,
        0.57195522413253,
        0.57195522413253,
        0.57195522413253,
        0.57195522413253,
        0.5719552241325299,
        0.5719552241325299,
        0.4932031820718849,
        0.4932031820718848,
        0.3271327784124927,
        0.3271327784124926
      ]
    },
    {
      "m": 32,
      "n": 32,
      "beta": 1.7836372627584136,
      "svals": [
        1.0,
        1.0,
        1.0,
        1.0,
        1.0,
        1.0,
        1.0,
        1.0,
        1.0,
        1.0,
        1.0,
        1.0,
        1.0,
        1.0,
        1.0,
        0.9999999999999997,
        0.6488653571365438,
        0.6488653571365438,
        0.5606521128928926,
        0.5606521128928926,
        0.5606521128928925,
        0.5606521128928925,
        0.5606521128928925,
        0.5606521128928924,
        0.5606521128928924,
        0.5606521128928924,
        0.5606521128928923,
        0.5606521128928923,
        0.4844314590601865,
        0.48443145906018614,
        0.3143307916912649,
        0.3143307916912647
      ]
    },
    {
      "m": 32,
      "n": 32,
      "beta": 1.7367228831604453,
      "svals": [
        1.0,
        0.9999999999999998,
        0.9999999999999998,
        0.9999999999999998,
        0.9999999999999998,
        0.9999999999999998,
        0.9999999999999998,
        0.9999999999999998,
        0.9999999999999998,
        0.9999999999999998,
        0.9999999999999998,
        0.9999999999999998,
        0.9999999999999998,
        0.9999999999999998,
        0.9999999999999998,
        0.9999999999999997,
        0.6772893904375016,
        0.6772893904375016,
        0.5757971002145288,
        0.5757971002145288,
        0.5757971002145288,
        0.5757971002145288,
        0.5757971002145288,
        0.5757971002145287,
        0.5757971002145286,
        0.5757971002145286,
        0.5757971002145286,
        0.5757971002145285,
        0.48951350087042844,
        0.48951350087042844,
        0.33154230061546014,
        0.3315423006154599
      ]
    },
    {
      "m": 32,
      "n": 32,
      "beta": 3.0701589170931705,
      "svals": [
        1.0,
        1.0,
        1.0,
        1.0,
        1.0,
        1.0,
        1.0,
        1.0,
        1.0,
        1.0,
        1.0,
        1.0,
        1.0,
        1.0,
        0.9999999999999997,
        0.9999999999999996,
        0.38789475134708423,
        0.3878947513470841,
        0.3257160384866335,
        0.3257160384866335,
        0.3257160384866335,
        0.3257160384866335,
        0.32571603848663344,
        0.3257160384866334,
        0.32571603848663333,
        0.32571603848663333,
        0.32571603848663333,
        0.32571603848663333,
        0.2735044425298167,
        0.2735044425298165,
        0.10609093772742605,
        0.10609093772742605
      ]
    },
    {
      "m": 32,
      "n": 32,
      "beta": 1.9352104928839278,
      "svals": [
        1.0,
        0.9999999999999998,
        0.9999999999999998,
        0.9999999999999998,
        0.9999999999999998,
        0.9999999999999998,
        0.9999999999999998,
        0.9999999999999998,
        0.9999999999999998,
        0.9999999999999998,
        0.9999999999999998,
        0.9999999999999998,
        0.9999999999999998,
        0.9999999999999998,
        0.9999999999999998,
        0.9999999999999991,
        0.6526183154535403,
        0.6526183154535398,
        0.5167396537364579,
        0.5167396537364578,
        0.5167396537364577,
        0.5167396537364576,
        0.5167396537364575,
        0.5167396537364575,
        0.5167396537364574,
        0.5167396537364574,
        0.5167396537364574,
        0.5167396537364572,
        0.4091516640290847,
        0.4091516640290846,
        0.2670198697436741,
        0.267019869743674
      ]
    },
    {
      "m": 2,
      "n": 32,
      "beta": 1.456384465155853,
      "svals": [
        1.0,
        1.0,
        0.0,
        0.0,
        0.0,
        0.0,
        0.0,
        0.0,
        0.0,
        0.0,
        0.0,
        0.0,
        0.0,
        0.0,
        0.0,
        0.0,
        0.0,
        0.0,
        0.0,
        0.0,
        0.0,
        0.0,
        0.0,
        0.0,
        0.0,
        0.0,
        0.0,
        0.0,
        0.0,
        0.0,
        0.0,
        0.0
      ]
    }
  ]
}