{
  "family": "QUBO_sweep",
  "params": {
    "n": 10,
    "inst": 2,
    "encoder": "sweep"
  },
  "regs_atoms": 24,
  "pad_pow": 2,
  "num_qudits": 24,
  "physical_atoms": 10,
  "ancilla_atoms": 14,
  "ancilla_qubits": 14,
  "gamma_log": 5.787976157017668,
  "beta_mean": 1.8105125583663935,
  "beta_min": 1.2436322235630306,
  "beta_H": null,
  "p_haar_mean": null,
  "site_count": 10,
  "max_unfold_dim": 32,
  "per_site": [
    {
      "m": 32,
      "n": 2,
      "beta": 1.4748316898462388,
      "svals": [
        1.0,
        0.9843819569543675,
        1.0,
        1.0,
        1.0,
        1.0,
        1.0,
        1.0,
        1.0,
        1.0,
        1.0,
        1.0,
        1.0,
        1.0,
        1.0,
        1.0,
        1.0,
        1.0,
        1.0,
        1.0,
        1.0,
        1.0,
        1.0,
        1.0,
        1.0,
        1.0,
        1.0,
        1.0,
        1.0,
        1.0,
        1.0,
        1.0
      ]
    },
    {
      "m": 32,
      "n": 32,
      "beta": 1.7671133483112687,
      "svals": [
        1.0,
        1.0,
        1.0,
        1.0,
        1.0,
        1.0,
        1.0,
        1.0,
        1.0,
        1.0,
        0.9999999999999997,
        0.9999999999999993,
        0.6542059392253947,
        0.6542059392253943,
        0.5658946557987602,
        0.5658946557987602,
        0.5658946557987602,
        0.5658946557987601,
        0.5658946557987601,
        0.5658946557987601,
        0.5658946557987601,
        0.5658946557987601,
        0.5658946557987601,
        0.5658946557987601,
        0.5658946557987601,
        0.5658946557987601,
        0.5658946557987601,
        0.56589465579876,
        0.48950451571988207,
        0.4895045157198816,
        0.3202367614615974,
        0.32023676146159724
      ]
    },
    {
      "m": 32,
      "n": 32,
      "beta": 1.762294157249094,
      "svals": [
        1.0,
        1.0,
        1.0,
        1.0,
        1.0,
        1.0,
        1.0,
        1.0,
        1.0,
        1.0,
        0.9999999999999999,
        0.9999999999999998,
        0.7095062010731322,
        0.7095062010731321,
        0.5674421582155049,
        0.5674421582155049,
        0.5674421582155048,
        0.5674421582155048,
        0.5674421582155048,
        0.5674421582155048,
        0.5674421582155047,
        0.5674421582155047,
        0.5674421582155047,
        0.5674421582155047,
        0.5674421582155047,
        0.5674421582155046,
        0.5674421582155045,
        0.5674421582155045,
        0.4538235218145482,
        0.4538235218145479,
        0.3219906029202699,
        0.3219906029202699
      ]
    },
    {
      "m": 32,
      "n": 32,
      "beta": 2.2294846371725376,
      "svals": [
        1.0,
        1.0,
        1.0,
        1.0,
        1.0,
        1.0,
        1.0,
        1.0,
        1.0,
        1.0,
        0.9999999999999997,
        0.9999999999999997,
        0.518791925052208,
        0.518791925052208,
        0.4485341514926133,
        0.4485341514926133,
        0.448534151492613,
        0.448534151492613,
        0.44853415149261294,
        0.44853415149261294,
        0.44853415149261294,
        0.44853415149261283,
        0.44853415149261283,
        0.44853415149261283,
        0.4485341514926128,
        0.4485341514926127,
        0.4485341514926127,
        0.44853415149261266,
        0.38779108798764034,
        0.3877910879876403,
        0.20118288505519813,
        0.20118288505519813
      ]
    },
    {
      "m": 32,
      "n": 32,
      "beta": 2.2483460744094956,
      "svals": [
        1.0,
        1.0,
        1.0,
        1.0,
        1.0,
        1.0,
        1.0,
        1.0,
        1.0,
        1.0,
        0.9999999999999998,
        0.9999999999999996,
        0.5138812929786551,
        0.5138812929786549,
        0.4447713861233039,
        0.4447713861233039,
        0.44477138612330386,
        0.44477138612330386,
        0.4447713861233038,
        0.4447713861233038,
        0.4447713861233038,
        0.4447713861233038,
        0.4447713861233037,
        0.4447713861233037,
        0.44477138612330364,
        0.4447713861233036,
        0.4447713861233036,
        0.4447713861233035,
        0.38495580325058065,
        0.38495580325058065,
        0.19782158591404503,
        0.1978215859140449
      ]
    },
    {
      "m": 32,
      "n": 32,
      "beta": 1.6285992556497673,
      "svals": [
        1.0,
        0.9999999999999996,
        0.9999999999999996,
        0.9999999999999996,
        0.9999999999999996,
        0.9999999999999996,
        0.9999999999999996,
        0.9999999999999996,
        0.9999999999999996,
        0.9999999999999996,
        0.9999999999999996,
        0.9999999999999993,
        0.8270810332382788,
        0.8270810332382786,
        0.6140245960023035,
        0.6140245960023034,
        0.6140245960023034,
        0.6140245960023034,
        0.6140245960023034,
        0.6140245960023034,
        0.6140245960023033,
        0.6140245960023033,
        0.6140245960023033,
        0.6140245960023032,
        0.6140245960023032,
        0.6140245960023032,
        0.6140245960023032,
        0.6140245960023031,
        0.455851590526284,
        0.4558515905262838,
        0.3770262044957919,
        0.37702620449579183
      ]
    },
    {
      "m": 32,
      "n": 32,
      "beta": 1.75465050535841,
      "svals": [
        1.0,
        1.0,
        1.0,
        1.0,
        1.0,
        1.0,
        1.0,
        1.0,
        1.0,
        1.0,
        1.0,
        0.9999999999999999,
        0.722533855732475,
        0.7225338557324745,
        0.5699140637672107,
        0.5699140637672104,
        0.5699140637672102,
        0.5699140637672101,
        0.56991406376721,
        0.56991406376721,
        0.56991406376721,
        0.5699140637672099,
        0.5699140637672099,
        0.5699140637672099,
        0.5699140637672099,
        0.5699140637672099,
        0.5699140637672099,
        0.5699140637672098,
        0.44953193196792796,
        0.44953193196792784,
        0.3248020400796553,
        0.3248020400796553
      ]
    },
    {
      "m": 32,
      "n": 32,
      "beta": 2.058129904031231,
      "svals": [
        1.0,
        0.9999999999999998,
        0.9999999999999998,
        0.9999999999999998,
        0.9999999999999998,
        0.9999999999999998,
        0.9999999999999998,
        0.9999999999999998,
        0.9999999999999998,
        0.9999999999999998,
        0.9999999999999998,
        0.9999999999999997,
        0.6029740262612688,
        0.6029740262612687,
        0.48587797983077446,
        0.48587797983077446,
        0.4858779798307744,
        0.4858779798307744,
        0.4858779798307744,
        0.4858779798307744,
        0.48587797983077435,
        0.4858779798307743,
        0.4858779798307743,
        0.4858779798307743,
        0.4858779798307743,
        0.4858779798307743,
        0.4858779798307742,
        0.4858779798307741,
        0.391521692481895,
        0.39152169248189467,
        0.2360774112844344,
        0.23607741128443438
      ]
    },
    {
      "m": 32,
      "n": 32,
      "beta": 1.9380437880728616,