{
  "family": "QUBO_sweep",
  "params": {
    "n": 10,
    "inst": 0,
    "encoder": "sweep"
  },
  "regs_atoms": 24,
  "pad_pow": 2,
  "num_qudits": 24,
  "physical_atoms": 10,
  "ancilla_atoms": 14,
  "ancilla_qubits": 14,
  "gamma_log": 6.735247607361002,
  "beta_mean": 2.022207990119774,
  "beta_min": 1.6216959763548955,
  "beta_H": null,
  "p_haar_mean": null,
  "site_count": 10,
  "max_unfold_dim": 32,
  "per_site": [
    {
      "m": 32,
      "n": 2,
      "beta": 3.6088338815910306,
      "svals": [
        1.0,
        0.3978135303062106,
        1.0,
        1.0,
        1.0,
        1.0,
        1.0,
        1.0,
        1.0,
        1.0,
        1.0,
        1.0,
        1.0,
        1.0,
        1.0,
        1.0,
        1.0,
        1.0,
        1.0,
        1.0,
        1.0,
        1.0,
        1.0,
        1.0,
        1.0,
        1.0,
        1.0,
        1.0,
        1.0,
        1.0,
        1.0,
        1.0
      ]
    },
    {
      "m": 32,
      "n": 32,
      "beta": 1.6216959763548955,
      "svals": [
        1.0,
        1.0,
        1.0,
        1.0,
        1.0,
        1.0,
        1.0,
        1.0,
        1.0,
        1.0,
        0.9999999999999999,
        0.9999999999999996,
        0.633310817493226,
        0.6333108174932257,
        0.6166383925103592,
        0.6166383925103592,
        0.6166383925103591,
        0.616638392510359,
        0.616638392510359,
        0.616638392510359,
        0.616638392510359,
        0.616638392510359,
        0.616638392510359,
        0.6166383925103589,
        0.6166383925103589,
        0.6166383925103589,
        0.6166383925103589,
        0.6166383925103588,
        0.6004048827443672,
        0.6004048827443669,
        0.3802429071177598,
        0.38024290711775965
      ]
    },
    {
      "m": 32,
      "n": 32,
      "beta": 1.9180772663297354,
      "svals": [
        1.0,
        0.9999999999999998,
        0.9999999999999998,
        0.9999999999999998,
        0.9999999999999998,
        0.9999999999999998,
        0.9999999999999998,
        0.9999999999999998,
        0.9999999999999998,
        0.9999999999999998,
        0.9999999999999998,
        0.9999999999999998,
        0.5862020348763413,
        0.586202034876341,
        0.5213554310632715,
        0.5213554310632713,
        0.5213554310632712,
        0.5213554310632712,
        0.5213554310632712,
        0.5213554310632712,
        0.5213554310632712,
        0.5213554310632712,
        0.5213554310632712,
        0.5213554310632711,
        0.5213554310632711,
        0.5213554310632711,
        0.5213554310632711,
        0.5213554310632711,
        0.4636822619636728,
        0.4636822619636727,
        0.2718114854991694,
        0.2718114854991694
      ]
    },
    {
      "m": 32,
      "n": 32,
      "beta": 2.1131951958177377,
      "svals": [
        1.0,
        0.9999999999999998,
        0.9999999999999998,
        0.9999999999999998,
        0.9999999999999998,
        0.9999999999999998,
        0.9999999999999998,
        0.9999999999999998,
        0.9999999999999998,
        0.9999999999999998,
        0.9999999999999998,
        0.9999999999999998,
        0.5391377120398549,
        0.5391377120398545,
        0.47321705159046273,
        0.4732170515904627,
        0.4732170515904626,
        0.4732170515904626,
        0.47321705159046257,
        0.47321705159046257,
        0.47321705159046257,
        0.47321705159046257,
        0.47321705159046257,
        0.4732170515904625,
        0.4732170515904625,
        0.4732170515904625,
        0.47321705159046246,
        0.4732170515904624,
        0.41535654604591365,
        0.4153565460459135,
        0.22393437791597054,
        0.22393437791597043
      ]
    },
    {
      "m": 32,
      "n": 32,
      "beta": 1.624429520689533,
      "svals": [
        1.0,
        0.9999999999999998,
        0.9999999999999998,
        0.9999999999999998,
        0.9999999999999998,
        0.9999999999999998,
        0.9999999999999998,
        0.9999999999999998,
        0.9999999999999998,
        0.9999999999999998,
        0.9999999999999998,
        0.9999999999999998,
        0.6939385714157458,
        0.6939385714157457,
        0.6156007307571728,
        0.6156007307571728,
        0.6156007307571727,
        0.6156007307571727,
        0.6156007307571727,
        0.6156007307571727,
        0.6156007307571726,
        0.6156007307571726,
        0.6156007307571726,
        0.6156007307571726,
        0.6156007307571726,
        0.6156007307571726,
        0.6156007307571725,
        0.6156007307571724,
        0.546106349061441,
        0.546106349061441,
        0.3789642597087649,
        0.37896425970876485
      ]
    },
    {
      "m": 32,
      "n": 32,
      "beta": 2.2635337859256595,
      "svals": [
        1.0,
        1.0,
        1.0,
        1.0,
        1.0,
        1.0,
        1.0,
        1.0,
        1.0,
        1.0,
        1.0,
        0.9999999999999999,
        0.5676686272092368,
        0.5676686272092368,
        0.4417870880557923,
        0.4417870880557923,
        0.4417870880557923,
        0.44178708805579225,
        0.44178708805579225,
        0.4417870880557922,
        0.4417870880557922,
        0.44178708805579214,
        0.44178708805579214,
        0.44178708805579214,
        0.44178708805579214,
        0.4417870880557921,
        0.44178708805579203,
        0.441787088055792,
        0.34382000663368795,
        0.3438200066336879,
        0.19517583117281642,
        0.1951758311728163
      ]
    },
    {
      "m": 32,
      "n": 32,
      "beta": 1.6257294282413224,
      "svals": [
        1.0,
        0.9999999999999998,
        0.9999999999999998,
        0.9999999999999998,
        0.9999999999999998,
        0.9999999999999998,
        0.9999999999999998,
        0.9999999999999998,
        0.9999999999999998,
        0.9999999999999998,
        0.9999999999999998,
        0.9999999999999997,
        0.8480360765183101,
        0.8480360765183094,
        0.615108506144087,
        0.615108506144087,
        0.615108506144087,
        0.615108506144087,
        0.6151085061440869,
        0.6151085061440869,
        0.6151085061440869,
        0.6151085061440869,
        0.6151085061440867,
        0.6151085061440867,
        0.6151085061440867,
        0.6151085061440866,
        0.6151085061440866,
        0.6151085061440865,
        0.4461584651966645,
        0.44615846519666424,
        0.3783584743308101,
        0.37835847433081005
      ]
    },
    {
      "m": 32,
      "n": 32,
      "beta": 1.6625295126447357,
      "svals": [
        1.0,
        0.9999999999999998,
        0.9999999999999998,
        0.9999999999999998,
        0.9999999999999998,
        0.9999999999999998,
        0.9999999999999998,
        0.9999999999999998,
        0.9999999999999998,
        0.9999999999999998,
        0.9999999999999998,
        0.9999999999999998,
        0.8544751192349811,
        0.8544751192349808,
        0.6014930817133047,
        0.6014930817133047,
        0.6014930817133046,
        0.6014930817133046,
        0.6014930817133045,
        0.6014930817133045,
        0.6014930817133045,
        0.6014930817133045,
        0.6014930817133044,
        0.6014930817133044,
        0.6014930817133044,
        0.6014930817133044,
        0.6014930817133044,
        0.6014930817133042,
        0.4234107222137551,
        0.42341072221375503,
        0.36179392734896815,
        0.3617939273489679
      ]
    },
    {
      "m": 32,
      "n": 32,
      "beta": 1.99230407019946,