{
  "family": "RandomGraph",
  "params": {
    "n": 12,
    "avg_deg": 3,
    "inst": 1
  },
  "regs_atoms": 29,
  "pad_pow": 2,
  "num_qudits": 29,
  "physical_atoms": 12,
  "ancilla_atoms": 17,
  "ancilla_qubits": 17,
  "gamma_log": 28.417729146770228,
  "beta_mean": 11.122234262016569,
  "beta_min": 6.0501511749417185,
  "beta_H": null,
  "p_haar_mean": null,
  "site_count": 12,
  "max_unfold_dim": 32,
  "per_site": [
    {
      "m": 32,
      "n": 32,
      "beta": 14.479268282638483,
      "svals": [
        1.0,
        0.9451364286507282,
        0.8985130186811802,
        0.857431004059108,
        0.810457773606677,
        0.7791566794585761,
        0.7442850497364298,
        0.6864794102363515,
        0.645163459315786,
        0.6200491521822851,
        0.5847066764392055,
        0.5721504587527821,
        0.5450876078464046,
        0.5332381468058267,
        0.49846777092180533,
        0.4643150736200023,
        0.4393265987219196,
        0.3941161825923754,
        0.3724505878768513,
        0.35040992369612045,
        0.3129668681844801,
        0.27811593409914953,
        0.27732760329702405,
        0.22234818786558463,
        0.1876825390215638,
        0.1730295049243467,
        0.15678746341841707,
        0.12801770359313663,
        0.09549832955819704,
        0.06447959788863473,
        0.041443974288330444,
        0.021975200137027265
      ]
    },
    {
      "m": 32,
      "n": 32,
      "beta": 15.246781053026993,
      "svals": [
        1.0,
        0.9204753069894532,
        0.8689302851622976,
        0.8328890729862078,
        0.8021366547494966,
        0.7563251884654103,
        0.720792273272248,
        0.6922233169793441,
        0.6605752509626276,
        0.6378702175895753,
        0.5915864217572083,
        0.5581712157821739,
        0.5398474728315528,
        0.48663795538514965,
        0.47031544969223643,
        0.44953975031199234,
        0.41781243203434065,
        0.39995931997046164,
        0.35452549583320764,
        0.33026585723212987,
        0.30526249921548776,
        0.2867094020947194,
        0.2588722141881484,
        0.21867432984261437,
        0.1818197407896876,
        0.14893423978678966,
        0.1371736067343,
        0.11840936065095103,
        0.0906799295045242,
        0.04602873100968979,
        0.02658214180857586,
        0.013591284480941282
      ]
    },
    {
      "m": 32,
      "n": 32,
      "beta": 14.599872165917768,
      "svals": [
        1.0,
        0.9605872352258547,
        0.9483141733036627,
        0.8527374605126198,
        0.8273980736331531,
        0.8126384299559108,
        0.7621692060937335,
        0.7128188764156935,
        0.669812765836594,
        0.6399858648209277,
        0.6192819752016521,
        0.5886967437529983,
        0.5562825791858019,
        0.5453374776459954,
        0.5019791982531963,
        0.4685642016896297,
        0.44643021221804907,
        0.4208086634012519,
        0.39732832699431847,
        0.37304773871675184,
        0.34362089371332105,
        0.303436169550067,
        0.2771183676197916,
        0.2330484299994787,
        0.2071256190659586,
        0.19544340876040772,
        0.1594316352406213,
        0.13740628256032197,
        0.10313541150801159,
        0.042844821327685835,
        0.039200044127682326,
        0.010535969600625722
      ]
    },
    {
      "m": 32,
      "n": 8,
      "beta": 10.399533766088773,
      "svals": [
        1.0,
        0.9349290551992708,
        0.8881895693597547,
        0.8268685473210521,
        0.710570311491257,
        0.6238905687749876,
        0.5631306572795891,
        0.4669152878487527,
        1.0,
        1.0,
        1.0,
        1.0,
        1.0,
        1.0,
        1.0,
        1.0,
        1.0,
        1.0,
        1.0,
        1.0,
        1.0,
        1.0,
        1.0,
        1.0,
        1.0,
        1.0,
        1.0,
        1.0,
        1.0,
        1.0,
        1.0,
        1.0
      ]
    },
    {
      "m": 32,
      "n": 32,
      "beta": 15.111399327271833,
      "svals": [
        1.0,
        0.9500940663730213,
        0.9070916621481502,
        0.8347934865630112,
        0.7881329000169577,
        0.7552803155457867,
        0.7092521739568616,
        0.6777682290864984,
        0.6562415390552254,
        0.6418750386579267,
        0.6063039705369181,
        0.5607374443288375,
        0.5536623913225727,
        0.49989480437073275,
        0.4670471312007888,
        0.4416454060610473,
        0.4185229498186506,
        0.3806237787949936,
        0.34388866295572607,
        0.31952636715317523,
        0.3081723869225788,
        0.2849638117569793,
        0.2448127768612381,
        0.2333254915458621,
        0.1904027948840981,
        0.16557092469679038,
        0.1590072004726511,
        0.10496802175677285,
        0.07367477093526896,
        0.06253746711452267,
        0.03355311500890387,
        0.012635076150191814
      ]
    },
    {
      "m": 32,
      "n": 2,
      "beta": 9.847719384509665,
      "svals": [
        1.0,
        0.8390463426303698,
        1.0,
        1.0,
        1.0,
        1.0,
        1.0,
        1.0,
        1.0,
        1.0,
        1.0,
        1.0,
        1.0,
        1.0,
        1.0,
        1.0,
        1.0,
        1.0,
        1.0,
        1.0,
        1.0,
        1.0,
        1.0,
        1.0,
        1.0,
        1.0,
        1.0,
        1.0,
        1.0,
        1.0,
        1.0,
        1.0
      ]
    },
    {
      "m": 32,
      "n": 8,
      "beta": 10.43528376816997,
      "svals": [
        1.0,
        0.8769354098473024,
        0.8443262996805656,
        0.7846394831152992,
        0.6890286860192848,
        0.6053869269133384,
        0.5612652492572953,
        0.43393934862504174,
        1.0,
        1.0,
        1.0,
        1.0,
        1.0,
        1.0,
        1.0,
        1.0,
        1.0,
        1.0,
        1.0,
        1.0,
        1.0,
        1.0,
        1.0,
        1.0,
        1.0,
        1.0,
        1.0,
        1.0,
        1.0,
        1.0,
        1.0,
        1.0
      ]
    },
    {
      "m": 8,
      "n": 32,
      "beta": 10.343700323916677,
      "svals": [
        1.0,
        0.8847184318666231,
        0.8146714521453295,
        0.7472166042546365,
        0.6894386991747622,
        0.6406035781263708,
        0.5501593005098449,
        0.4489635079041101,
        0.0,
        0.0,
        0.0,
        0.0,
        0.0,
        0.0,
        0.0,
        0.0,
        0.0,
        0.0,
        0.0,
        0.0,
        0.0,
        0.0,
        0.0,
        0.0,
        0.0,
        0.0,
        0.0,
        0.0,
        0.0,
        0.0,
        0.0,
        0.0
      ]
    },
    {
      "m": 2,
      "n": 32,
      "beta": 8.728105892121599,
      "svals": [
        1.0,
        0.7999108858602534,
        0.0,
        0.0,
        0.0,
        0.0,
        0.0,
        0.0,
        0.0,
        0.0,
        0.0,
        0.0,
        0.0,
        0.0,
        0.0,
        0.0,
        0.0,
        0.0,
        0.0,
        0.0,
        0.0,
        0.0,
        0.0,
        0.0,
        0.0,
        0.0,
        0.0,
        0.0,
        0.0,
        0.0,
        0.0,
        0.0
      ]
    },
    {
      "m": 8,
      "n": 32,
      "beta": 11.519354245798583,
      "svals": [
        1.0,
        0.9029400365755299,
        0.7921698995191268,
        0.7530355837891416,
        0.6194022282509116,
        0.5369394658052336,
        0.4517282615172196,
        0.34595326358192163,
        0.0,
        0.0,
        0.0,
        0.0,
        0.0,
        0.0,
        0.0,
        0.0,
        0.0,
        0.0,
        0.0,
        0.0,
        0.0,
        0.0,
        0.0,
        0.0,
        0.0,
        0.0,
        0.0,
        0.0,
        0.0,
        0.0,
        0.0,
        0.0
      ]
    },
    {
      "m": 8,
      "n": 8,