{
  "family": "RandomGraph",
  "params": {
    "n": 20,
    "avg_deg": 3,
    "inst": 1
  },
  "regs_atoms": 48,
  "pad_pow": 2,
  "num_qudits": 48,
  "physical_atoms": 20,
  "ancilla_atoms": 28,
  "ancilla_qubits": 28,
  "gamma_log": 44.26004481412412,
  "beta_mean": 11.172935516205559,
  "beta_min": 2.7714077751086226,
  "beta_H": null,
  "p_haar_mean": null,
  "site_count": 20,
  "max_unfold_dim": 128,
  "per_site": [
    {
      "m": 32,
      "n": 2,
      "beta": 8.18465124118925,
      "svals": [
        1.0,
        0.8953224401780403,
        1.0,
        1.0,
        1.0,
        1.0,
        1.0,
        1.0,
        1.0,
        1.0,
        1.0,
        1.0,
        1.0,
        1.0,
        1.0,
        1.0,
        1.0,
        1.0,
        1.0,
        1.0,
        1.0,
        1.0,
        1.0,
        1.0,
        1.0,
        1.0,
        1.0,
        1.0,
        1.0,
        1.0,
        1.0,
        1.0
      ]
    },
    {
      "m": 32,
      "n": 32,
      "beta": 15.170001024905954,
      "svals": [
        1.0,
        0.897694542215114,
        0.8787892169413636,
        0.8348775004380258,
        0.7995326875746943,
        0.7720167504262511,
        0.7032729063124978,
        0.6638237193576373,
        0.6234848337878496,
        0.6025597935733138,
        0.5630494043201729,
        0.5388768791028045,
        0.4981076074670774,
        0.4698069370207459,
        0.4414487420474589,
        0.41178091212514084,
        0.39252366137728256,
        0.3726860674033046,
        0.35971852828435075,
        0.31473758807624386,
        0.2874483448022429,
        0.26325704665654803,
        0.2288038936764339,
        0.2054150886849159,
        0.18453764033218148,
        0.1483157834837408,
        0.11936236413241318,
        0.09100985965330394,
        0.07293911576446234,
        0.06196704114922367,
        0.02955778685310587,
        0.025942614201449866
      ]
    },
    {
      "m": 32,
      "n": 8,
      "beta": 11.478623743702778,
      "svals": [
        1.0,
        0.8854346888964109,
        0.7873207961447823,
        0.7177103395905154,
        0.6504055375723232,
        0.5934452726308251,
        0.4720956170323527,
        0.363861680581251,
        1.0,
        1.0,
        1.0,
        1.0,
        1.0,
        1.0,
        1.0,
        1.0,
        1.0,
        1.0,
        1.0,
        1.0,
        1.0,
        1.0,
        1.0,
        1.0,
        1.0,
        1.0,
        1.0,
        1.0,
        1.0,
        1.0,
        1.0,
        1.0
      ]
    },
    {
      "m": 8,
      "n": 8,
      "beta": 6.524676340873052,
      "svals": [
        1.0,
        0.7925892192917056,
        0.6872695530641935,
        0.5288845084724816,
        0.446293301625798,
        0.2511780263661433,
        0.18561699004691032,
        0.08008543340411278
      ]
    },
    {
      "m": 8,
      "n": 32,
      "beta": 11.708982471506573,
      "svals": [
        1.0,
        0.8518817900147929,
        0.7411033418154727,
        0.6965310747032621,
        0.6064841812162867,
        0.5685006681036967,
        0.46375281084657377,
        0.37169716222705956,
        0.0,
        0.0,
        0.0,
        0.0,
        0.0,
        0.0,
        0.0,
        0.0,
        0.0,
        0.0,
        0.0,
        0.0,
        0.0,
        0.0,
        0.0,
        0.0,
        0.0,
        0.0,
        0.0,
        0.0,
        0.0,
        0.0,
        0.0,
        0.0
      ]
    },
    {
      "m": 8,
      "n": 2,
      "beta": 4.591441941809244,
      "svals": [
        1.0,
        0.7281544128125575,
        1.0,
        1.0,
        1.0,
        1.0,
        1.0,
        1.0
      ]
    },
    {
      "m": 8,
      "n": 2,
      "beta": 3.933590445753198,
      "svals": [
        1.0,
        0.7103972862750091,
        1.0,
        1.0,
        1.0,
        1.0,
        1.0,
        1.0
      ]
    },
    {
      "m": 2,
      "n": 2,
      "beta": 3.164569288455259,
      "svals": [
        1.0,
        0.2848439955345399
      ]
    },
    {
      "m": 2,
      "n": 2,
      "beta": 2.7714077751086226,
      "svals": [
        1.0,
        0.4808501760739456
      ]
    },
    {
      "m": 128,
      "n": 32,
      "beta": 23.2886648742951,
      "svals": [
        1.0,
        0.9563105909796815,
        0.9258756872504509,
        0.8947493424039309,
        0.8704640913855256,
        0.8345651638260484,
        0.8266374428309953,
        0.8090581543906231,
        0.783756933761664,
        0.776642408441776,
        0.7595054495902624,
        0.7307150762071872,
        0.7125312386113454,
        0.6986985450189571,
        0.6682719223505845,
        0.6609285320117102,
        0.6386941234386022,
        0.615742813683477,
        0.60737641991307,
        0.594645918799697,
        0.5824934612632544,
        0.5515516820747364,
        0.5466554854189154,
        0.5363893016802807,
        0.5087698191562803,
        0.49457722105516505,
        0.483335265674966,
        0.4549642003491089,
        0.4515384050474476,
        0.43570304578225266,
        0.39277669572732127,
        0.3662656719799797,
        1.0,
        1.0,
        1.0,
        1.0,
        1.0,
        1.0,
        1.0,
        1.0,
        1.0,
        1.0,
        1.0,
        1.0,
        1.0,
        1.0,
        1.0,
        1.0,
        1.0,
        1.0,
        1.0,
        1.0,
        1.0,
        1.0,
        1.0,
        1.0,
        1.0,
        1.0,
        1.0,
        1.0,
        1.0,
        1.0,
        1.0,
        1.0,
        1.0,
        1.0,
        1.0,
        1.0,
        1.0,
        1.0,
        1.0,
        1.0,
        1.0,
        1.0,
        1.0,
        1.0,
        1.0,
        1.0,
        1.0,
        1.0,
        1.0,
        1.0,
        1.0,
        1.0,
        1.0,
        1.0,
        1.0,
        1.0,
        1.0,
        1.0,
        1.0,
        1.0,
        1.0,
        1.0,
        1.0,
        1.0,
        1.0,
        1.0,
        1.0,
        1.0,
        1.0,
        1.0,
        1.0,
        1.0,
        1.0,
        1.0,
        1.0,
        1.0,
        1.0,
        1.0,
        1.0,
        1.0,
        1.0,
        1.0,
        1.0,
        1.0,
        1.0,
        1.0,
        1.0,
        1.0,
        1.0,
        1.0,
        1.0,
        1.0,
        1.0,
        1.0,
        1.0,
        1.0
      ]
    },
    {
      "m": 128,
      "n": 128,
      "beta": 31.86682087148038,