{
  "family": "RandomGraph",
  "params": {
    "n": 12,
    "avg_deg": 3,
    "inst": 4
  },
  "regs_atoms": 34,
  "pad_pow": 2,
  "num_qudits": 34,
  "physical_atoms": 12,
  "ancilla_atoms": 22,
  "ancilla_qubits": 22,
  "gamma_log": 28.634479716411764,
  "beta_mean": 13.224803426738545,
  "beta_min": 2.108117638387509,
  "beta_H": null,
  "p_haar_mean": null,
  "site_count": 12,
  "max_unfold_dim": 512,
  "per_site": [
    {
      "m": 32,
      "n": 32,
      "beta": 15.186704630346123,
      "svals": [
        1.0,
        0.8851516933584879,
        0.8576751623736274,
        0.8386639908132669,
        0.805656431396264,
        0.7794403124417004,
        0.736363535301132,
        0.7056658806008068,
        0.6630181128629578,
        0.609696002855078,
        0.5808750539094808,
        0.5564716036549779,
        0.5426778615598934,
        0.5182817093108377,
        0.4742768548134772,
        0.4318586860831156,
        0.4091996091235253,
        0.38376588253415417,
        0.34836493113948586,
        0.3193073830767355,
        0.29563907695907116,
        0.2662286757928418,
        0.2423872348381235,
        0.22135044465395623,
        0.19147865799421468,
        0.14562851071238156,
        0.12102837974160165,
        0.09674228220058757,
        0.08360070534879314,
        0.07010440182055613,
        0.04864065097899154,
        0.02270097304740187
      ]
    },
    {
      "m": 32,
      "n": 2,
      "beta": 8.580979929934752,
      "svals": [
        1.0,
        0.79959970890627,
        1.0,
        1.0,
        1.0,
        1.0,
        1.0,
        1.0,
        1.0,
        1.0,
        1.0,
        1.0,
        1.0,
        1.0,
        1.0,
        1.0,
        1.0,
        1.0,
        1.0,
        1.0,
        1.0,
        1.0,
        1.0,
        1.0,
        1.0,
        1.0,
        1.0,
        1.0,
        1.0,
        1.0,
        1.0,
        1.0
      ]
    },
    {
      "m": 32,
      "n": 32,
      "beta": 15.704195777262456,
      "svals": [
        1.0,
        0.9297370525880645,
        0.8484081350956862,
        0.8220678290386435,
        0.7742696892624624,
        0.7538475469957358,
        0.742376950628814,
        0.6765347018410529,
        0.6635642843188517,
        0.6311423325274637,
        0.5582234062277459,
        0.5336237759080771,
        0.49333955128607354,
        0.47600682668852295,
        0.45607969925216846,
        0.42952582953094753,
        0.3835166493673911,
        0.3597248605521874,
        0.33834613224132565,
        0.30969063974467687,
        0.282594313140688,
        0.24364977197793877,
        0.23039577451303128,
        0.21189016015389125,
        0.19124502998333787,
        0.16701130526772057,
        0.14136559104770094,
        0.12329521404528072,
        0.09384356711984833,
        0.0803974246139063,
        0.03039070209896764,
        0.01048381951923945
      ]
    },
    {
      "m": 2,
      "n": 2,
      "beta": 2.108117638387509,
      "svals": [
        1.0,
        0.26193403296797474
      ]
    },
    {
      "m": 8,
      "n": 32,
      "beta": 10.657165591432994,
      "svals": [
        1.0,
        0.8772733723718525,
        0.8115181589690476,
        0.7442794718174714,
        0.6613734845888777,
        0.6072962980336687,
        0.5445000985032518,
        0.38911688887362783,
        0.0,
        0.0,
        0.0,
        0.0,
        0.0,
        0.0,
        0.0,
        0.0,
        0.0,
        0.0,
        0.0,
        0.0,
        0.0,
        0.0,
        0.0,
        0.0,
        0.0,
        0.0,
        0.0,
        0.0,
        0.0,
        0.0,
        0.0,
        0.0
      ]
    },
    {
      "m": 2,
      "n": 128,
      "beta": 16.16068008126082,
      "svals": [
        1.0,
        0.8955907191241451,
        0.0,
        0.0,
        0.0,
        0.0,
        0.0,
        0.0,
        0.0,
        0.0,
        0.0,
        0.0,
        0.0,
        0.0,
        0.0,
        0.0,
        0.0,
        0.0,
        0.0,
        0.0,
        0.0,
        0.0,
        0.0,
        0.0,
        0.0,
        0.0,
        0.0,
        0.0,
        0.0,
        0.0,
        0.0,
        0.0,
        0.0,
        0.0,
        0.0,
        0.0,
        0.0,
        0.0,
        0.0,
        0.0,
        0.0,
        0.0,
        0.0,
        0.0,
        0.0,
        0.0,
        0.0,
        0.0,
        0.0,
        0.0,
        0.0,
        0.0,
        0.0,
        0.0,
        0.0,
        0.0,
        0.0,
        0.0,
        0.0,
        0.0,
        0.0,
        0.0,
        0.0,
        0.0,
        0.0,
        0.0,
        0.0,
        0.0,
        0.0,
        0.0,
        0.0,
        0.0,
        0.0,
        0.0,
        0.0,
        0.0,
        0.0,
        0.0,
        0.0,
        0.0,
        0.0,
        0.0,
        0.0,
        0.0,
        0.0,
        0.0,
        0.0,
        0.0,
        0.0,
        0.0,
        0.0,
        0.0,
        0.0,
        0.0,
        0.0,
        0.0,
        0.0,
        0.0,
        0.0,
        0.0,
        0.0,
        0.0,
        0.0,
        0.0,
        0.0,
        0.0,
        0.0,
        0.0,
        0.0,
        0.0,
        0.0,
        0.0,
        0.0,
        0.0,
        0.0,
        0.0,
        0.0,
        0.0,
        0.0,
        0.0,
        0.0,
        0.0,
        0.0,
        0.0,
        0.0,
        0.0,
        0.0,
        0.0
      ]
    },
    {
      "m": 32,
      "n": 512,
      "beta": 39.95296335691337,