{
  "family": "RandomGraph",
  "params": {
    "n": 20,
    "avg_deg": 2,
    "inst": 3
  },
  "regs_atoms": 52,
  "pad_pow": 2,
  "num_qudits": 52,
  "physical_atoms": 20,
  "ancilla_atoms": 32,
  "ancilla_qubits": 32,
  "gamma_log": 40.9709558835883,
  "beta_mean": 10.694912329056013,
  "beta_min": 1.7258245985610696,
  "beta_H": null,
  "p_haar_mean": null,
  "site_count": 20,
  "max_unfold_dim": 128,
  "per_site": [
    {
      "m": 32,
      "n": 128,
      "beta": 23.441440234880435,
      "svals": [
        1.0,
        0.9538579404588061,
        0.9292026992880869,
        0.9130729158221862,
        0.8764084832035131,
        0.8530798650674792,
        0.8364344744894332,
        0.8033819645404283,
        0.7885931185984486,
        0.7829622610149293,
        0.7557853955429263,
        0.7441487420792666,
        0.7208020081191978,
        0.6982116445494059,
        0.6793380326606377,
        0.6665006700772604,
        0.6544831814042839,
        0.6437450908669314,
        0.6270970929523157,
        0.6196999062271508,
        0.5835865913577416,
        0.5758765436318101,
        0.5583476942612311,
        0.5380656324490489,
        0.517928143602013,
        0.5079556163961696,
        0.4836099189232872,
        0.4554423574303572,
        0.4454725498564008,
        0.4243446161535635,
        0.3865782092192371,
        0.35658977539973513,
        0.0,
        0.0,
        0.0,
        0.0,
        0.0,
        0.0,
        0.0,
        0.0,
        0.0,
        0.0,
        0.0,
        0.0,
        0.0,
        0.0,
        0.0,
        0.0,
        0.0,
        0.0,
        0.0,
        0.0,
        0.0,
        0.0,
        0.0,
        0.0,
        0.0,
        0.0,
        0.0,
        0.0,
        0.0,
        0.0,
        0.0,
        0.0,
        0.0,
        0.0,
        0.0,
        0.0,
        0.0,
        0.0,
        0.0,
        0.0,
        0.0,
        0.0,
        0.0,
        0.0,
        0.0,
        0.0,
        0.0,
        0.0,
        0.0,
        0.0,
        0.0,
        0.0,
        0.0,
        0.0,
        0.0,
        0.0,
        0.0,
        0.0,
        0.0,
        0.0,
        0.0,
        0.0,
        0.0,
        0.0,
        0.0,
        0.0,
        0.0,
        0.0,
        0.0,
        0.0,
        0.0,
        0.0,
        0.0,
        0.0,
        0.0,
        0.0,
        0.0,
        0.0,
        0.0,
        0.0,
        0.0,
        0.0,
        0.0,
        0.0,
        0.0,
        0.0,
        0.0,
        0.0,
        0.0,
        0.0,
        0.0,
        0.0,
        0.0,
        0.0,
        0.0,
        0.0
      ]
    },
    {
      "m": 8,
      "n": 2,
      "beta": 4.805004910570364,
      "svals": [
        1.0,
        0.6933272318024876,
        1.0,
        1.0,
        1.0,
        1.0,
        1.0,
        1.0
      ]
    },
    {
      "m": 32,
      "n": 2,
      "beta": 8.292488451351291,
      "svals": [
        1.0,
        0.8422103944058932,
        1.0,
        1.0,
        1.0,
        1.0,
        1.0,
        1.0,
        1.0,
        1.0,
        1.0,
        1.0,
        1.0,
        1.0,
        1.0,
        1.0,
        1.0,
        1.0,
        1.0,
        1.0,
        1.0,
        1.0,
        1.0,
        1.0,
        1.0,
        1.0,
        1.0,
        1.0,
        1.0,
        1.0,
        1.0,
        1.0
      ]
    },
    {
      "m": 32,
      "n": 8,
      "beta": 10.292246822488783,
      "svals": [
        1.0,
        0.9528761589714901,
        0.8340810707257588,
        0.7979922715394233,
        0.7341794823789213,
        0.6412384329565506,
        0.6167776734963933,
        0.5337008235926498,
        1.0,
        1.0,
        1.0,
        1.0,
        1.0,
        1.0,
        1.0,
        1.0,
        1.0,
        1.0,
        1.0,
        1.0,
        1.0,
        1.0,
        1.0,
        1.0,
        1.0,
        1.0,
        1.0,
        1.0,
        1.0,
        1.0,
        1.0,
        1.0
      ]
    },
    {
      "m": 8,
      "n": 128,
      "beta": 19.22081476956067,
      "svals": [
        1.0,
        0.9290952317408049,
        0.898546454559739,
        0.8554531078455212,
        0.8121574959275568,
        0.7812209526804315,
        0.7244084797376341,
        0.6722715235649256,
        0.0,
        0.0,
        0.0,
        0.0,
        0.0,
        0.0,
        0.0,
        0.0,
        0.0,
        0.0,
        0.0,
        0.0,
        0.0,
        0.0,
        0.0,
        0.0,
        0.0,
        0.0,
        0.0,
        0.0,
        0.0,
        0.0,
        0.0,
        0.0,
        0.0,
        0.0,
        0.0,
        0.0,
        0.0,
        0.0,
        0.0,
        0.0,
        0.0,
        0.0,
        0.0,
        0.0,
        0.0,
        0.0,
        0.0,
        0.0,
        0.0,
        0.0,
        0.0,
        0.0,
        0.0,
        0.0,
        0.0,
        0.0,
        0.0,
        0.0,
        0.0,
        0.0,
        0.0,
        0.0,
        0.0,
        0.0,
        0.0,
        0.0,
        0.0,
        0.0,
        0.0,
        0.0,
        0.0,
        0.0,
        0.0,
        0.0,
        0.0,
        0.0,
        0.0,
        0.0,
        0.0,
        0.0,
        0.0,
        0.0,
        0.0,
        0.0,
        0.0,
        0.0,
        0.0,
        0.0,
        0.0,
        0.0,
        0.0,
        0.0,
        0.0,
        0.0,
        0.0,
        0.0,
        0.0,
        0.0,
        0.0,
        0.0,
        0.0,
        0.0,
        0.0,
        0.0,
        0.0,
        0.0,
        0.0,
        0.0,
        0.0,
        0.0,
        0.0,
        0.0,
        0.0,
        0.0,
        0.0,
        0.0,
        0.0,
        0.0,
        0.0,
        0.0,
        0.0,
        0.0,
        0.0,
        0.0,
        0.0,
        0.0,
        0.0,
        0.0
      ]
    },
    {
      "m": 2,
      "n": 2,
      "beta": 2.141936613016657,
      "svals": [
        1.0,
        0.9266032892232445
      ]
    },
    {
      "m": 2,
      "n": 2,
      "beta": 2.7649381103151702,
      "svals": [
        1.0,
        0.4261876485112629
      ]
    },
    {
      "m": 32,
      "n": 32,
      "beta": 14.635895290236526,
      "svals": [
        1.0,
        0.9523521317805619,
        0.9093311409601279,
        0.8947073044886307,
        0.8431093954091012,
        0.7842288110025536,
        0.7442667333764239,
        0.6963917757525422,
        0.661031099171087,
        0.6173112794445257,
        0.6079997660861698,
        0.5908176814581744,
        0.5413679688935675,
        0.515901932442025,
        0.49283100111260303,
        0.4444025609832873,
        0.4217974251017422,
        0.40291759896562074,
        0.3867488203549986,
        0.3770455213047565,
        0.31698659703980564,
        0.26404746999443895,
        0.25097351281551783,
        0.2240856582515458,
        0.19848139919099944,
        0.1695452346005106,
        0.15266045758041233,
        0.10367087100262137,
        0.09054329680118647,
        0.05662293180520545,
        0.03045753128208879,
        0.00986596095451302
      ]
    },
    {
      "m": 8,
      "n": 2,
      "beta": 5.112681381707029,
      "svals": [
        1.0,
        0.5044457672468347,
        1.0,
        1.0,
        1.0,
        1.0,
        1.0,
        1.0
      ]
    },
    {
      "m": 2,
      "n": 2,
      "beta": 1.7258245985610696,
      "svals": [
        1.0,
        0.1611285723060364
      ]
    },
    {
      "m": 32,
      "n": 2,
      "beta": 9.744432659375825,