{
  "family": "RandomGraph",
  "params": {
    "n": 12,
    "avg_deg": 3,
    "inst": 0
  },
  "regs_atoms": 32,
  "pad_pow": 2,
  "num_qudits": 32,
  "physical_atoms": 12,
  "ancilla_atoms": 20,
  "ancilla_qubits": 20,
  "gamma_log": 27.02362349739126,
  "beta_mean": 10.214805069875533,
  "beta_min": 4.032444778018968,
  "beta_H": null,
  "p_haar_mean": null,
  "site_count": 12,
  "max_unfold_dim": 128,
  "per_site": [
    {
      "m": 32,
      "n": 32,
      "beta": 15.561151704778437,
      "svals": [
        1.0,
        0.9109804039591567,
        0.8634308931700443,
        0.8046948606401895,
        0.7758393472164037,
        0.7223024925665824,
        0.7036033781445502,
        0.6781466276380932,
        0.6335600179349392,
        0.6121144240076964,
        0.5953198030144804,
        0.5533076359204491,
        0.5119947491477705,
        0.4938609663943071,
        0.46026372466015764,
        0.4336986954802395,
        0.41385483981357024,
        0.3804239671472141,
        0.3319786299072774,
        0.3133172744860204,
        0.28710366016079913,
        0.26051250835580037,
        0.22539472866373197,
        0.20893292639505928,
        0.18949917192788482,
        0.15572424169875387,
        0.12043003832900721,
        0.09854032728107358,
        0.07922180295138145,
        0.05069017406003958,
        0.03262968217575751,
        0.0162960587215517
      ]
    },
    {
      "m": 32,
      "n": 8,
      "beta": 11.60899385033287,
      "svals": [
        1.0,
        0.9399671567476476,
        0.8327679572734684,
        0.748239834177202,
        0.6642036074266503,
        0.6081831431052895,
        0.49893291651421007,
        0.40850577305378094,
        1.0,
        1.0,
        1.0,
        1.0,
        1.0,
        1.0,
        1.0,
        1.0,
        1.0,
        1.0,
        1.0,
        1.0,
        1.0,
        1.0,
        1.0,
        1.0,
        1.0,
        1.0,
        1.0,
        1.0,
        1.0,
        1.0,
        1.0,
        1.0
      ]
    },
    {
      "m": 32,
      "n": 8,
      "beta": 11.431994137310692,
      "svals": [
        1.0,
        0.8411363404245635,
        0.7829147648250357,
        0.6966213488951313,
        0.6542073821840821,
        0.5940377473768831,
        0.4749873372899222,
        0.38287110107534583,
        1.0,
        1.0,
        1.0,
        1.0,
        1.0,
        1.0,
        1.0,
        1.0,
        1.0,
        1.0,
        1.0,
        1.0,
        1.0,
        1.0,
        1.0,
        1.0,
        1.0,
        1.0,
        1.0,
        1.0,
        1.0,
        1.0,
        1.0,
        1.0
      ]
    },
    {
      "m": 32,
      "n": 2,
      "beta": 7.3976750189877665,
      "svals": [
        1.0,
        0.9618534735998953,
        1.0,
        1.0,
        1.0,
        1.0,
        1.0,
        1.0,
        1.0,
        1.0,
        1.0,
        1.0,
        1.0,
        1.0,
        1.0,
        1.0,
        1.0,
        1.0,
        1.0,
        1.0,
        1.0,
        1.0,
        1.0,
        1.0,
        1.0,
        1.0,
        1.0,
        1.0,
        1.0,
        1.0,
        1.0,
        1.0
      ]
    },
    {
      "m": 2,
      "n": 32,
      "beta": 8.554411091293343,
      "svals": [
        1.0,
        0.8876141860664614,
        0.0,
        0.0,
        0.0,
        0.0,
        0.0,
        0.0,
        0.0,
        0.0,
        0.0,
        0.0,
        0.0,
        0.0,
        0.0,
        0.0,
        0.0,
        0.0,
        0.0,
        0.0,
        0.0,
        0.0,
        0.0,
        0.0,
        0.0,
        0.0,
        0.0,
        0.0,
        0.0,
        0.0,
        0.0,
        0.0
      ]
    },
    {
      "m": 8,
      "n": 32,
      "beta": 10.585614151578087,
      "svals": [
        1.0,
        0.89818894536162,
        0.8654642778857721,
        0.7717670096024843,
        0.6656458445515961,
        0.5848708479002309,
        0.5403349545112391,
        0.4479066471111,
        0.0,
        0.0,
        0.0,
        0.0,
        0.0,
        0.0,
        0.0,
        0.0,
        0.0,
        0.0,
        0.0,
        0.0,
        0.0,
        0.0,
        0.0,
        0.0,
        0.0,
        0.0,
        0.0,
        0.0,
        0.0,
        0.0,
        0.0,
        0.0
      ]
    },
    {
      "m": 8,
      "n": 8,
      "beta": 7.702689004919302,
      "svals": [
        1.0,
        0.7063379850206676,
        0.4921726979709973,
        0.3898631101996274,
        0.29361430099875624,
        0.258263185000788,
        0.12034457089146355,
        0.026420579043109963
      ]
    },
    {
      "m": 8,
      "n": 2,
      "beta": 4.032444778018968,
      "svals": [
        1.0,
        0.4543489182465847,
        1.0,
        1.0,
        1.0,
        1.0,
        1.0,
        1.0
      ]
    },
    {
      "m": 8,
      "n": 8,
      "beta": 6.144742706004197,
      "svals": [
        1.0,
        0.8888929658160323,
        0.6630230584141649,
        0.5611916877974041,
        0.46436539630357493,
        0.3068691719235916,
        0.19698583878488035,
        0.11937362612360652
      ]
    },
    {
      "m": 32,
      "n": 8,
      "beta": 10.534508829352365,
      "svals": [
        1.0,
        0.9756510800292384,
        0.8844362890347456,
        0.7637872473325154,
        0.6685982544492535,
        0.6071284734025456,
        0.5153604973739838,
        0.4412949962586716,
        1.0,
        1.0,
        1.0,
        1.0,
        1.0,
        1.0,
        1.0,
        1.0,
        1.0,
        1.0,
        1.0,
        1.0,
        1.0,
        1.0,
        1.0,
        1.0,
        1.0,
        1.0,
        1.0,
        1.0,
        1.0,
        1.0,
        1.0,
        1.0
      ]
    },
    {
      "m": 8,
      "n": 128,
      "beta": 18.35107244679583,
      "svals": [
        1.0,
        0.9756835196266949,
        0.8892073294994797,
        0.881032607629796,
        0.8308953253607646,
        0.7776321738180849,
        0.7610281457928055,
        0.722693159419796,
        0.0,
        0.0,
        0.0,
        0.0,
        0.0,
        0.0,
        0.0,
        0.0,
        0.0,
        0.0,
        0.0,
        0.0,
        0.0,
        0.0,
        0.0,
        0.0,
        0.0,
        0.0,
        0.0,
        0.0,
        0.0,
        0.0,
        0.0,
        0.0,
        0.0,
        0.0,
        0.0,
        0.0,
        0.0,
        0.0,
        0.0,
        0.0,
        0.0,
        0.0,
        0.0,
        0.0,
        0.0,
        0.0,
        0.0,
        0.0,
        0.0,
        0.0,
        0.0,
        0.0,
        0.0,
        0.0,
        0.0,
        0.0,
        0.0,
        0.0,
        0.0,
        0.0,
        0.0,
        0.0,
        0.0,
        0.0,
        0.0,
        0.0,
        0.0,
        0.0,
        0.0,
        0.0,
        0.0,
        0.0,
        0.0,
        0.0,
        0.0,
        0.0,
        0.0,
        0.0,
        0.0,
        0.0,
        0.0,
        0.0,
        0.0,
        0.0,
        0.0,
        0.0,
        0.0,
        0.0,
        0.0,
        0.0,
        0.0,
        0.0,
        0.0,
        0.0,
        0.0,
        0.0,
        0.0,
        0.0,
        0.0,
        0.0,
        0.0,
        0.0,
        0.0,
        0.0,
        0.0,
        0.0,
        0.0,
        0.0,
        0.0,
        0.0,
        0.0,
        0.0,
        0.0,
        0.0,
        0.0,
        0.0,
        0.0,
        0.0,
        0.0,
        0.0,
        0.0,
        0.0,
        0.0,
        0.0,
        0.0,
        0.0,
        0.0,
        0.0
      ]
    },
    {
      "m": 8,
      "n": 32,
      "beta": 10.672363119134543,