{
  "family": "RandomGraph",
  "params": {
    "n": 16,
    "avg_deg": 2,
    "inst": 1
  },
  "regs_atoms": 42,
  "pad_pow": 2,
  "num_qudits": 42,
  "physical_atoms": 16,
  "ancilla_atoms": 26,
  "ancilla_qubits": 26,
  "gamma_log": 30.369000276743474,
  "beta_mean": 8.58132694749943,
  "beta_min": 1.9522595607880855,
  "beta_H": null,
  "p_haar_mean": null,
  "site_count": 16,
  "max_unfold_dim": 128,
  "per_site": [
    {
      "m": 8,
      "n": 2,
      "beta": 4.517571309453133,
      "svals": [
        1.0,
        0.7569392847387791,
        1.0,
        1.0,
        1.0,
        1.0,
        1.0,
        1.0
      ]
    },
    {
      "m": 8,
      "n": 8,
      "beta": 6.301430818277203,
      "svals": [
        1.0,
        0.9153490323161753,
        0.6992620907057777,
        0.6132586915910248,
        0.5127976413774837,
        0.3377461514878456,
        0.23310872618675493,
        0.0963958413590439
      ]
    },
    {
      "m": 32,
      "n": 128,
      "beta": 23.11910781426457,
      "svals": [
        1.0,
        0.962512670266467,
        0.9392859197996414,
        0.9158048923074487,
        0.8959567974119284,
        0.8624525807097922,
        0.8446881409009088,
        0.8128285542268884,
        0.8008141571223986,
        0.7697473671956413,
        0.7604359078145656,
        0.7301523100080144,
        0.7142572184743179,
        0.6963663041255767,
        0.6792494393485115,
        0.6702757467023214,
        0.6575128740412022,
        0.6325424655797885,
        0.6159271958435045,
        0.6056525056150596,
        0.584917295726332,
        0.5665726247388712,
        0.5546574239365158,
        0.5345588840656297,
        0.5273514773719414,
        0.5036703330647413,
        0.4908663718508992,
        0.4573782659213587,
        0.43594440004865664,
        0.4314870031436693,
        0.4149454722928703,
        0.36681955388168663,
        0.0,
        0.0,
        0.0,
        0.0,
        0.0,
        0.0,
        0.0,
        0.0,
        0.0,
        0.0,
        0.0,
        0.0,
        0.0,
        0.0,
        0.0,
        0.0,
        0.0,
        0.0,
        0.0,
        0.0,
        0.0,
        0.0,
        0.0,
        0.0,
        0.0,
        0.0,
        0.0,
        0.0,
        0.0,
        0.0,
        0.0,
        0.0,
        0.0,
        0.0,
        0.0,
        0.0,
        0.0,
        0.0,
        0.0,
        0.0,
        0.0,
        0.0,
        0.0,
        0.0,
        0.0,
        0.0,
        0.0,
        0.0,
        0.0,
        0.0,
        0.0,
        0.0,
        0.0,
        0.0,
        0.0,
        0.0,
        0.0,
        0.0,
        0.0,
        0.0,
        0.0,
        0.0,
        0.0,
        0.0,
        0.0,
        0.0,
        0.0,
        0.0,
        0.0,
        0.0,
        0.0,
        0.0,
        0.0,
        0.0,
        0.0,
        0.0,
        0.0,
        0.0,
        0.0,
        0.0,
        0.0,
        0.0,
        0.0,
        0.0,
        0.0,
        0.0,
        0.0,
        0.0,
        0.0,
        0.0,
        0.0,
        0.0,
        0.0,
        0.0,
        0.0,
        0.0
      ]
    },
    {
      "m": 32,
      "n": 8,
      "beta": 10.734931987225478,
      "svals": [
        1.0,
        0.9046768612193954,
        0.8227845862968648,
        0.7888167904783415,
        0.7182328824095844,
        0.6541092077559302,
        0.5854598454604008,
        0.4845004434597583,
        1.0,
        1.0,
        1.0,
        1.0,
        1.0,
        1.0,
        1.0,
        1.0,
        1.0,
        1.0,
        1.0,
        1.0,
        1.0,
        1.0,
        1.0,
        1.0,
        1.0,
        1.0,
        1.0,
        1.0,
        1.0,
        1.0,
        1.0,
        1.0
      ]
    },
    {
      "m": 8,
      "n": 2,
      "beta": 5.024417962086823,
      "svals": [
        1.0,
        0.5290442113151883,
        1.0,
        1.0,
        1.0,
        1.0,
        1.0,
        1.0
      ]
    },
    {
      "m": 32,
      "n": 2,
      "beta": 8.986640595598743,
      "svals": [
        1.0,
        0.8187992818574477,
        1.0,
        1.0,
        1.0,
        1.0,
        1.0,
        1.0,
        1.0,
        1.0,
        1.0,
        1.0,
        1.0,
        1.0,
        1.0,
        1.0,
        1.0,
        1.0,
        1.0,
        1.0,
        1.0,
        1.0,
        1.0,
        1.0,
        1.0,
        1.0,
        1.0,
        1.0,
        1.0,
        1.0,
        1.0,
        1.0
      ]
    },
    {
      "m": 32,
      "n": 32,
      "beta": 14.908737757337994,
      "svals": [
        1.0,
        0.8923270528777166,
        0.8433875809088259,
        0.8000489837515502,
        0.7897876770382471,
        0.746104202034079,
        0.7216143102090044,
        0.6835315837432485,
        0.6546007061838847,
        0.6081364442752282,
        0.5847121943381827,
        0.5677529938735849,
        0.5101547635600017,
        0.4893347784163582,
        0.44948882384392463,
        0.43541883848068974,
        0.40554923001936066,
        0.38149301103403876,
        0.35455698120343765,
        0.3215462760038714,
        0.2969142752154351,
        0.28209139603082517,
        0.2565132157494631,
        0.22268208570649878,
        0.17687599384731229,
        0.14430378843236893,
        0.13597092096029756,
        0.11736071528209217,
        0.10114151188730569,
        0.07368000321182425,
        0.057773077311525464,
        0.013528762367275269
      ]
    },
    {
      "m": 8,
      "n": 128,
      "beta": 19.050563690599265,
      "svals": [
        1.0,
        0.891659608757475,
        0.857410695576227,
        0.8283603854985463,
        0.7956646083473775,
        0.7586324563880512,
        0.6995809961119154,
        0.6583179584862093,
        0.0,
        0.0,
        0.0,
        0.0,
        0.0,
        0.0,
        0.0,
        0.0,
        0.0,
        0.0,
        0.0,
        0.0,
        0.0,
        0.0,
        0.0,
        0.0,
        0.0,
        0.0,
        0.0,
        0.0,
        0.0,
        0.0,
        0.0,
        0.0,
        0.0,
        0.0,
        0.0,
        0.0,
        0.0,
        0.0,
        0.0,
        0.0,
        0.0,
        0.0,
        0.0,
        0.0,
        0.0,
        0.0,
        0.0,
        0.0,
        0.0,
        0.0,
        0.0,
        0.0,
        0.0,
        0.0,
        0.0,
        0.0,
        0.0,
        0.0,
        0.0,
        0.0,
        0.0,
        0.0,
        0.0,
        0.0,
        0.0,
        0.0,
        0.0,
        0.0,
        0.0,
        0.0,
        0.0,
        0.0,
        0.0,
        0.0,
        0.0,
        0.0,
        0.0,
        0.0,
        0.0,
        0.0,
        0.0,
        0.0,
        0.0,
        0.0,
        0.0,
        0.0,
        0.0,
        0.0,
        0.0,
        0.0,
        0.0,
        0.0,
        0.0,
        0.0,
        0.0,
        0.0,
        0.0,
        0.0,
        0.0,
        0.0,
        0.0,
        0.0,
        0.0,
        0.0,
        0.0,
        0.0,
        0.0,
        0.0,
        0.0,
        0.0,
        0.0,
        0.0,
        0.0,
        0.0,
        0.0,
        0.0,
        0.0,
        0.0,
        0.0,
        0.0,
        0.0,
        0.0,
        0.0,
        0.0,
        0.0,
        0.0,
        0.0,
        0.0
      ]
    },
    {
      "m": 8,
      "n": 2,
      "beta": 3.808270998558796,
      "svals": [
        1.0,
        0.7094724271047412,
        1.0,
        1.0,
        1.0,
        1.0,
        1.0,
        1.0
      ]
    },
    {
      "m": 2,
      "n": 8,
      "beta": 4.858218937771967,
      "svals": [
        1.0,
        0.5371461828018933,
        0.0,
        0.0,
        0.0,
        0.0,
        0.0,
        0.0
      ]
    },
    {
      "m": 2,
      "n": 2,
      "beta": 1.9522595607880855,