{
  "family": "RandomGraph",
  "params": {
    "n": 16,
    "avg_deg": 3,
    "inst": 1
  },
  "regs_atoms": 41,
  "pad_pow": 2,
  "num_qudits": 41,
  "physical_atoms": 16,
  "ancilla_atoms": 25,
  "ancilla_qubits": 25,
  "gamma_log": 34.27625313950616,
  "beta_mean": 10.85668070086348,
  "beta_min": 1.454994696346992,
  "beta_H": null,
  "p_haar_mean": null,
  "site_count": 16,
  "max_unfold_dim": 128,
  "per_site": [
    {
      "m": 32,
      "n": 8,
      "beta": 10.908114477534692,
      "svals": [
        1.0,
        0.8318683978126187,
        0.773873219234284,
        0.6677785154175919,
        0.6328757674011272,
        0.5486274291054385,
        0.5047197896246566,
        0.4507423556070478,
        1.0,
        1.0,
        1.0,
        1.0,
        1.0,
        1.0,
        1.0,
        1.0,
        1.0,
        1.0,
        1.0,
        1.0,
        1.0,
        1.0,
        1.0,
        1.0,
        1.0,
        1.0,
        1.0,
        1.0,
        1.0,
        1.0,
        1.0,
        1.0
      ]
    },
    {
      "m": 32,
      "n": 32,
      "beta": 14.986598901551638,
      "svals": [
        1.0,
        0.9596917553793851,
        0.8747019751370866,
        0.8541814698808371,
        0.7997181265505947,
        0.756974989296814,
        0.7274358421680112,
        0.6944023823948614,
        0.64834616678903,
        0.6123360076484974,
        0.5925297179372646,
        0.5599930913085717,
        0.5451255849070323,
        0.4886412407456483,
        0.4701766914476616,
        0.43439644196954047,
        0.42652730215776424,
        0.39592969025909364,
        0.353650644513229,
        0.34215301310023233,
        0.304146764205283,
        0.2543131672989549,
        0.2262771683106295,
        0.21049791936662687,
        0.18858186594482926,
        0.16871446653970323,
        0.16134690770609783,
        0.1271652238103454,
        0.07849822083575608,
        0.06452947886527628,
        0.024065158623373682,
        0.010367568918950992
      ]
    },
    {
      "m": 128,
      "n": 128,
      "beta": 31.236992127772275,
      "svals": [
        1.0,
        0.9866776305224958,
        0.9643287507120575,
        0.9488058920499353,
        0.9313851370745109,
        0.9035298804578029,
        0.8924831605958661,
        0.8842598181810042,
        0.8705483041310298,
        0.860918404653552,
        0.8461640398760664,
        0.8381300512926122,
        0.82003180886292,
        0.8133599440117646,
        0.8059493866589078,
        0.8000284614591814,
        0.7895951984889064,
        0.7775205527461582,
        0.7691232380965817,
        0.7635271939364079,
        0.7529334250526711,
        0.7433126702832554,
        0.7319151655853181,
        0.7274379485342684,
        0.7138412962423021,
        0.7037990859900131,
        0.6936980511438456,
        0.6882294265657225,
        0.6816352985755761,
        0.6762753539961102,
        0.6670610157044605,
        0.6599647716798106,
        0.6509618268855792,
        0.6451307585675019,
        0.6306192161076908,
        0.6242239605929504,
        0.6171108888357447,
        0.6108923255537686,
        0.5975632665345003,
        0.5919470872132092,
        0.5858389155539099,
        0.581510924558331,
        0.5677296231881126,
        0.5605372302576483,
        0.5552059171855157,
        0.5475313376319666,
        0.5380317660978929,
        0.5308752761495619,
        0.5262505964687536,
        0.5161227435644506,
        0.5117032264844922,
        0.5014913828267515,
        0.4935295882681959,
        0.48624433663119115,
        0.4777969415785081,
        0.4729140487432504,
        0.4622427272156037,
        0.45241833650143976,
        0.4481443402196547,
        0.4430391597167728,
        0.434699729806279,
        0.4296110819550463,
        0.42512517829541735,
        0.41553337221832654,
        0.41007444154484596,
        0.401655788530675,
        0.39489881702193125,
        0.3870664877809318,
        0.3827932054946999,
        0.37498699638676875,
        0.36843941173274164,
        0.3576919324056509,
        0.3565919750742931,
        0.3484724491220053,
        0.3418902902446481,
        0.3354789328255852,
        0.32775541995898083,
        0.32373064376577587,
        0.3180097532183523,
        0.30679794301768415,
        0.30088500993840833,
        0.29449486440279476,
        0.288823962773366,
        0.284678343492668,
        0.2779528109976626,
        0.26639422431851817,
        0.26126649868823004,
        0.2565123551971298,
        0.2540218172476766,
        0.2437526075004424,
        0.23052006224314708,
        0.22557027386436213,
        0.21833324741652274,
        0.2144523271604689,
        0.2114142236994004,
        0.20041358249884791,
        0.19586211829859768,
        0.18657609159922056,
        0.1836487141601853,
        0.17227184984191143,
        0.16982895415385604,
        0.16383016261069738,
        0.15522566424185247,
        0.149431919998235,
        0.1405282670281277,
        0.13462159728144527,
        0.13334171261439895,
        0.1273828668143309,
        0.1225893864480496,
        0.11191636683187657,
        0.10511905264533389,
        0.1003318498713543,
        0.09391981147295053,
        0.08749470506670973,
        0.08112264809141886,
        0.07747012982156247,
        0.07531092765940507,
        0.06544512640535521,
        0.06108872918804917,
        0.05112971105787812,
        0.04740894316368167,
        0.040222972349147665,
        0.03691699691631596,
        0.02703305477099657,
        0.020520148196656728,
        0.016410995457139425,
        0.010732282883020762,
        0.002953552252727447
      ]
    },
    {
      "m": 32,
      "n": 8,
      "beta": 11.073842779899097,
      "svals": [
        1.0,
        0.8935617817391128,
        0.7813070487389414,
        0.7697233179242685,
        0.6704003422615528,
        0.5648358818172315,
        0.5498613124377932,
        0.4685486510745734,
        1.0,
        1.0,
        1.0,
        1.0,
        1.0,
        1.0,
        1.0,
        1.0,
        1.0,
        1.0,
        1.0,
        1.0,
        1.0,
        1.0,
        1.0,
        1.0,
        1.0,
        1.0,
        1.0,
        1.0,
        1.0,
        1.0,
        1.0,
        1.0
      ]
    },
    {
      "m": 8,
      "n": 2,
      "beta": 5.486849201366887,
      "svals": [
        1.0,
        0.831028762281462,
        1.0,
        1.0,
        1.0,
        1.0,
        1.0,
        1.0
      ]
    },
    {
      "m": 32,
      "n": 2,
      "beta": 7.914953488603289,
      "svals": [
        1.0,
        0.7698964829189502,
        1.0,
        1.0,
        1.0,
        1.0,
        1.0,
        1.0,
        1.0,
        1.0,
        1.0,
        1.0,
        1.0,
        1.0,
        1.0,
        1.0,
        1.0,
        1.0,
        1.0,
        1.0,
        1.0,
        1.0,
        1.0,
        1.0,
        1.0,
        1.0,
        1.0,
        1.0,
        1.0,
        1.0,
        1.0,
        1.0
      ]
    },
    {
      "m": 32,
      "n": 32,
      "beta": 15.567249214452342,