{
  "family": "RandomGraph",
  "params": {
    "n": 12,
    "avg_deg": 3,
    "inst": 2
  },
  "regs_atoms": 31,
  "pad_pow": 2,
  "num_qudits": 31,
  "physical_atoms": 12,
  "ancilla_atoms": 19,
  "ancilla_qubits": 19,
  "gamma_log": 29.859504922650498,
  "beta_mean": 13.258647736334117,
  "beta_min": 6.637557526891858,
  "beta_H": null,
  "p_haar_mean": null,
  "site_count": 12,
  "max_unfold_dim": 128,
  "per_site": [
    {
      "m": 8,
      "n": 32,
      "beta": 10.419943781300846,
      "svals": [
        1.0,
        0.8646337613928019,
        0.8097990080959464,
        0.7220897524389988,
        0.659380914283195,
        0.5803806891582156,
        0.485334332665149,
        0.4525918743825293,
        0.0,
        0.0,
        0.0,
        0.0,
        0.0,
        0.0,
        0.0,
        0.0,
        0.0,
        0.0,
        0.0,
        0.0,
        0.0,
        0.0,
        0.0,
        0.0,
        0.0,
        0.0,
        0.0,
        0.0,
        0.0,
        0.0,
        0.0,
        0.0
      ]
    },
    {
      "m": 32,
      "n": 2,
      "beta": 9.261631761119514,
      "svals": [
        1.0,
        0.8323691333382692,
        1.0,
        1.0,
        1.0,
        1.0,
        1.0,
        1.0,
        1.0,
        1.0,
        1.0,
        1.0,
        1.0,
        1.0,
        1.0,
        1.0,
        1.0,
        1.0,
        1.0,
        1.0,
        1.0,
        1.0,
        1.0,
        1.0,
        1.0,
        1.0,
        1.0,
        1.0,
        1.0,
        1.0,
        1.0,
        1.0
      ]
    },
    {
      "m": 32,
      "n": 32,
      "beta": 15.063652534131691,
      "svals": [
        1.0,
        0.9684278436304137,
        0.9066006567116517,
        0.8476689199190603,
        0.8366552930455438,
        0.7864894265284443,
        0.7334655738435645,
        0.6892819447772736,
        0.6452915844026662,
        0.6129067636404545,
        0.5969357423404814,
        0.5713401311122753,
        0.5375250769449412,
        0.5209073390390805,
        0.4803363407857001,
        0.43686764638639025,
        0.4226139712703848,
        0.401737891006473,
        0.37184828954071697,
        0.31730703315897096,
        0.2866082571630508,
        0.2591966602519734,
        0.25130569927902396,
        0.2267776706578028,
        0.20427455716839527,
        0.18040761625511464,
        0.14145366398146902,
        0.12290849431454395,
        0.10637850756675886,
        0.054663576093900365,
        0.037272972258700986,
        0.02089343077233123
      ]
    },
    {
      "m": 32,
      "n": 2,
      "beta": 10.102525529445085,
      "svals": [
        1.0,
        0.7458133905315023,
        1.0,
        1.0,
        1.0,
        1.0,
        1.0,
        1.0,
        1.0,
        1.0,
        1.0,
        1.0,
        1.0,
        1.0,
        1.0,
        1.0,
        1.0,
        1.0,
        1.0,
        1.0,
        1.0,
        1.0,
        1.0,
        1.0,
        1.0,
        1.0,
        1.0,
        1.0,
        1.0,
        1.0,
        1.0,
        1.0
      ]
    },
    {
      "m": 32,
      "n": 128,
      "beta": 23.03013425992692,
      "svals": [
        1.0,
        0.9650481864815181,
        0.93649780130392,
        0.9117641245166412,
        0.8855775016233409,
        0.8692071873812167,
        0.843034006967517,
        0.8090498857516283,
        0.7944014439392595,
        0.7823610773167079,
        0.7678328903210083,
        0.7392222063054426,
        0.7324518002656145,
        0.7156124987071332,
        0.692256528824269,
        0.6775291837589857,
        0.6673694563153607,
        0.6467430932949741,
        0.6286344721306641,
        0.6106884903180694,
        0.5910043968132463,
        0.574850102774502,
        0.5490578066089201,
        0.526549231431493,
        0.5129079752513954,
        0.4995251228350462,
        0.4957266467762991,
        0.45145139094543707,
        0.4352851971334755,
        0.4250010459632511,
        0.3958255631058536,
        0.36800020221587243,
        0.0,
        0.0,
        0.0,
        0.0,
        0.0,
        0.0,
        0.0,
        0.0,
        0.0,
        0.0,
        0.0,
        0.0,
        0.0,
        0.0,
        0.0,
        0.0,
        0.0,
        0.0,
        0.0,
        0.0,
        0.0,
        0.0,
        0.0,
        0.0,
        0.0,
        0.0,
        0.0,
        0.0,
        0.0,
        0.0,
        0.0,
        0.0,
        0.0,
        0.0,
        0.0,
        0.0,
        0.0,
        0.0,
        0.0,
        0.0,
        0.0,
        0.0,
        0.0,
        0.0,
        0.0,
        0.0,
        0.0,
        0.0,
        0.0,
        0.0,
        0.0,
        0.0,
        0.0,
        0.0,
        0.0,
        0.0,
        0.0,
        0.0,
        0.0,
        0.0,
        0.0,
        0.0,
        0.0,
        0.0,
        0.0,
        0.0,
        0.0,
        0.0,
        0.0,
        0.0,
        0.0,
        0.0,
        0.0,
        0.0,
        0.0,
        0.0,
        0.0,
        0.0,
        0.0,
        0.0,
        0.0,
        0.0,
        0.0,
        0.0,
        0.0,
        0.0,
        0.0,
        0.0,
        0.0,
        0.0,
        0.0,
        0.0,
        0.0,
        0.0,
        0.0,
        0.0
      ]
    },
    {
      "m": 128,
      "n": 128,
      "beta": 31.28992206451634,