{
  "family": "RandomGraph",
  "params": {
    "n": 12,
    "avg_deg": 2,
    "inst": 3
  },
  "regs_atoms": 30,
  "pad_pow": 2,
  "num_qudits": 30,
  "physical_atoms": 12,
  "ancilla_atoms": 18,
  "ancilla_qubits": 18,
  "gamma_log": 24.96815259781012,
  "beta_mean": 9.160835123063249,
  "beta_min": 3.6556160227059387,
  "beta_H": null,
  "p_haar_mean": null,
  "site_count": 12,
  "max_unfold_dim": 128,
  "per_site": [
    {
      "m": 8,
      "n": 8,
      "beta": 7.372548323617928,
      "svals": [
        1.0,
        0.7997465454127605,
        0.6434320952161054,
        0.5016907549411005,
        0.389298120259367,
        0.30968767086732496,
        0.25236142298457953,
        0.14467663119191868
      ]
    },
    {
      "m": 32,
      "n": 128,
      "beta": 23.746023288452125,
      "svals": [
        1.0,
        0.9389962358631373,
        0.8989098841673829,
        0.8712294132256773,
        0.8681423559017719,
        0.8366295346464442,
        0.8337672424401353,
        0.7791680258519615,
        0.7705177356689649,
        0.769532051057561,
        0.7537665334337568,
        0.7335205810622214,
        0.7239990674269405,
        0.7003505601251121,
        0.6833603991769992,
        0.6645999319731316,
        0.6562808822984395,
        0.6421412951299579,
        0.6208040353542512,
        0.6020167262797379,
        0.5904992044078957,
        0.5678645073091991,
        0.54841897374637,
        0.5232131213261954,
        0.511420054178027,
        0.4905839162668926,
        0.46772333462028515,
        0.4575317042089437,
        0.42902444260405365,
        0.405875245105192,
        0.39080061255126247,
        0.37852012119295364,
        0.0,
        0.0,
        0.0,
        0.0,
        0.0,
        0.0,
        0.0,
        0.0,
        0.0,
        0.0,
        0.0,
        0.0,
        0.0,
        0.0,
        0.0,
        0.0,
        0.0,
        0.0,
        0.0,
        0.0,
        0.0,
        0.0,
        0.0,
        0.0,
        0.0,
        0.0,
        0.0,
        0.0,
        0.0,
        0.0,
        0.0,
        0.0,
        0.0,
        0.0,
        0.0,
        0.0,
        0.0,
        0.0,
        0.0,
        0.0,
        0.0,
        0.0,
        0.0,
        0.0,
        0.0,
        0.0,
        0.0,
        0.0,
        0.0,
        0.0,
        0.0,
        0.0,
        0.0,
        0.0,
        0.0,
        0.0,
        0.0,
        0.0,
        0.0,
        0.0,
        0.0,
        0.0,
        0.0,
        0.0,
        0.0,
        0.0,
        0.0,
        0.0,
        0.0,
        0.0,
        0.0,
        0.0,
        0.0,
        0.0,
        0.0,
        0.0,
        0.0,
        0.0,
        0.0,
        0.0,
        0.0,
        0.0,
        0.0,
        0.0,
        0.0,
        0.0,
        0.0,
        0.0,
        0.0,
        0.0,
        0.0,
        0.0,
        0.0,
        0.0,
        0.0,
        0.0
      ]
    },
    {
      "m": 8,
      "n": 32,
      "beta": 10.993146529002153,
      "svals": [
        1.0,
        0.9037113431804127,
        0.8005869104364486,
        0.7144631918874416,
        0.6524851953212766,
        0.59651359731797,
        0.5010661973986886,
        0.3682390031405561,
        0.0,
        0.0,
        0.0,
        0.0,
        0.0,
        0.0,
        0.0,
        0.0,
        0.0,
        0.0,
        0.0,
        0.0,
        0.0,
        0.0,
        0.0,
        0.0,
        0.0,
        0.0,
        0.0,
        0.0,
        0.0,
        0.0,
        0.0,
        0.0
      ]
    },
    {
      "m": 2,
      "n": 32,
      "beta": 8.901841045315669,
      "svals": [
        1.0,
        0.8403830616843956,
        0.0,
        0.0,
        0.0,
        0.0,
        0.0,
        0.0,
        0.0,
        0.0,
        0.0,
        0.0,
        0.0,
        0.0,
        0.0,
        0.0,
        0.0,
        0.0,
        0.0,
        0.0,
        0.0,
        0.0,
        0.0,
        0.0,
        0.0,
        0.0,
        0.0,
        0.0,
        0.0,
        0.0,
        0.0,
        0.0
      ]
    },
    {
      "m": 32,
      "n": 8,
      "beta": 11.185971923889301,
      "svals": [
        1.0,
        0.849628837773387,
        0.7969602228479898,
        0.7320077716404274,
        0.6200642942670788,
        0.5699372594607285,
        0.5016422777269263,
        0.4654220489044923,
        1.0,
        1.0,
        1.0,
        1.0,
        1.0,
        1.0,
        1.0,
        1.0,
        1.0,
        1.0,
        1.0,
        1.0,
        1.0,
        1.0,
        1.0,
        1.0,
        1.0,
        1.0,
        1.0,
        1.0,
        1.0,
        1.0,
        1.0,
        1.0
      ]
    },
    {
      "m": 8,
      "n": 2,
      "beta": 4.475695828370725,
      "svals": [
        1.0,
        0.7026840423932814,
        1.0,
        1.0,
        1.0,
        1.0,
        1.0,
        1.0
      ]
    },
    {
      "m": 2,
      "n": 2,
      "beta": 4.052324920448269,
      "svals": [
        1.0,
        0.4793936376321467
      ]
    },
    {
      "m": 8,
      "n": 8,
      "beta": 7.868299811033438,
      "svals": [
        1.0,
        0.7691940210733915,
        0.5991839871547727,
        0.4881570956538559,
        0.37793891789951095,
        0.2886825404285671,
        0.19014297155131565,
        0.006803139761306816
      ]
    },
    {
      "m": 32,
      "n": 8,
      "beta": 11.670149249436498,
      "svals": [
        1.0,
        0.8653924447545613,
        0.8362313005833021,
        0.7002777938238516,
        0.6377475624213379,
        0.5341780145959466,
        0.48686483720052925,
        0.3750559990288855,
        1.0,
        1.0,
        1.0,
        1.0,
        1.0,
        1.0,
        1.0,
        1.0,
        1.0,
        1.0,
        1.0,
        1.0,
        1.0,
        1.0,
        1.0,
        1.0,
        1.0,
        1.0,
        1.0,
        1.0,
        1.0,
        1.0,
        1.0,
        1.0
      ]
    },
    {
      "m": 8,
      "n": 2,
      "beta": 3.6556160227059387,
      "svals": [
        1.0,
        0.8827575791450375,
        1.0,
        1.0,
        1.0,
        1.0,
        1.0,
        1.0
      ]
    },
    {
      "m": 8,
      "n": 32,
      "beta": 10.074498676610114,
      "svals": [
        1.0,
        0.9558871245496983,
        0.9318401002896218,
        0.8345862804164155,
        0.7044108753398595,
        0.6488512087317179,
        0.5895809069314518,
        0.49532093169960306,
        0.0,
        0.0,
        0.0,
        0.0,
        0.0,
        0.0,
        0.0,
        0.0,
        0.0,
        0.0,
        0.0,
        0.0,
        0.0,
        0.0,
        0.0,
        0.0,
        0.0,
        0.0,
        0.0,
        0.0,
        0.0,
        0.0,
        0.0,
        0.0
      ]
    },
    {
      "m": 8,
      "n": 2,
      "beta": 5.933905857876817,
      "svals": [
        1.0,
        0.5395575888182196,
        1.0,
        1.0,
        1.0,
        1.0,
        1.0,
        1.0
      ]
    }
  ]
}